-- Reconstrucao do banco de dados OmniVoice
-- Gerado em 02/06/2026 - Dados recuperados dos arquivos de audio no servidor
-- OS ARQUIVOS DE AUDIO EXISTEM, MAS OS NOMES ORIGINAIS FORAM PERDIDOS
-- Os nomes foram gerados como genericos. Renomeie via painel admin.

-- VOZES (150 vozes com 1 variacao cada)
INSERT INTO "Voice" (id, name, description, gender, age, accent, pitch, category, "previewUrl", "order", active, "createdAt", "updatedAt") VALUES
  ('cld373fb77c5ac447da67cb7', 'Voz 1', '', 'Auto', 'Auto', 'Auto', 'Auto', 'custom', '', 0, true, now(), now()),
  ('cl12e77b5fee824d0ba37cbd', 'Voz 2', '', 'Auto', 'Auto', 'Auto', 'Auto', 'custom', '', 1, true, now(), now()),
  ('clb6b79fde66e8499f953bde', 'Voz 3', '', 'Auto', 'Auto', 'Auto', 'Auto', 'custom', '', 2, true, now(), now()),
  ('cl1ce371732dcc499782499d', 'Voz 4', '', 'Auto', 'Auto', 'Auto', 'Auto', 'custom', '', 3, true, now(), now()),
  ('clb5278be5a6c64471a13b57', 'Voz 5', '', 'Auto', 'Auto', 'Auto', 'Auto', 'custom', '', 4, true, now(), now()),
  ('cld93c43d506ed452a892fdc', 'Voz 6', '', 'Auto', 'Auto', 'Auto', 'Auto', 'custom', '', 5, true, now(), now()),
  ('cl5aee0ce43151434fb8c122', 'Voz 7', '', 'Auto', 'Auto', 'Auto', 'Auto', 'custom', '', 6, true, now(), now()),
  ('cl3351ed81a6f14c91b40858', 'Voz 8', '', 'Auto', 'Auto', 'Auto', 'Auto', 'custom', '', 7, true, now(), now()),
  ('cl35120fdb26504b399141d5', 'Voz 9', '', 'Auto', 'Auto', 'Auto', 'Auto', 'custom', '', 8, true, now(), now()),
  ('cl852c6dc6372947dba902b8', 'Voz 10', '', 'Auto', 'Auto', 'Auto', 'Auto', 'custom', '', 9, true, now(), now()),
  ('cld73fe6f3bb2a4495a3e2fa', 'Voz 11', '', 'Auto', 'Auto', 'Auto', 'Auto', 'custom', '', 10, true, now(), now()),
  ('cl76dbbffc3317420aa91116', 'Voz 12', '', 'Auto', 'Auto', 'Auto', 'Auto', 'custom', '', 11, true, now(), now()),
  ('cle763920da0f94006864de0', 'Voz 13', '', 'Auto', 'Auto', 'Auto', 'Auto', 'custom', '', 12, true, now(), now()),
  ('cl40ca5284fbe943c5b804eb', 'Voz 14', '', 'Auto', 'Auto', 'Auto', 'Auto', 'custom', '', 13, true, now(), now()),
  ('cl627088ac33d1447980e90d', 'Voz 15', '', 'Auto', 'Auto', 'Auto', 'Auto', 'custom', '', 14, true, now(), now()),
  ('cl3aacdf9f6a6244729ee0ed', 'Voz 16', '', 'Auto', 'Auto', 'Auto', 'Auto', 'custom', '', 15, true, now(), now()),
  ('cl5dec5455b7c24b49964b36', 'Voz 17', '', 'Auto', 'Auto', 'Auto', 'Auto', 'custom', '', 16, true, now(), now()),
  ('clb3cc7d707a8d4c56b5cbea', 'Voz 18', '', 'Auto', 'Auto', 'Auto', 'Auto', 'custom', '', 17, true, now(), now()),
  ('cld45d7806f480487cb173ec', 'Voz 19', '', 'Auto', 'Auto', 'Auto', 'Auto', 'custom', '', 18, true, now(), now()),
  ('clb8d3c3decdea410e832da9', 'Voz 20', '', 'Auto', 'Auto', 'Auto', 'Auto', 'custom', '', 19, true, now(), now()),
  ('cl6527d04d0baa4b469ed99a', 'Voz 21', '', 'Auto', 'Auto', 'Auto', 'Auto', 'custom', '', 20, true, now(), now()),
  ('cle542a1cf043f44899a3134', 'Voz 22', '', 'Auto', 'Auto', 'Auto', 'Auto', 'custom', '', 21, true, now(), now()),
  ('clf955c12aa6e6445da85041', 'Voz 23', '', 'Auto', 'Auto', 'Auto', 'Auto', 'custom', '', 22, true, now(), now()),
  ('clafee07e4802e4711a2ea81', 'Voz 24', '', 'Auto', 'Auto', 'Auto', 'Auto', 'custom', '', 23, true, now(), now()),
  ('cld383464a3b774a4b9af5b7', 'Voz 25', '', 'Auto', 'Auto', 'Auto', 'Auto', 'custom', '', 24, true, now(), now()),
  ('cl4482be4a87b842bf8215fe', 'Voz 26', '', 'Auto', 'Auto', 'Auto', 'Auto', 'custom', '', 25, true, now(), now()),
  ('cl0b488d24bd994a6eb837f2', 'Voz 27', '', 'Auto', 'Auto', 'Auto', 'Auto', 'custom', '', 26, true, now(), now()),
  ('cle2ef06891a874566a5663e', 'Voz 28', '', 'Auto', 'Auto', 'Auto', 'Auto', 'custom', '', 27, true, now(), now()),
  ('cldec3642fc3334fcbb1e2e2', 'Voz 29', '', 'Auto', 'Auto', 'Auto', 'Auto', 'custom', '', 28, true, now(), now()),
  ('cl4e363887fd27466d841b5a', 'Voz 30', '', 'Auto', 'Auto', 'Auto', 'Auto', 'custom', '', 29, true, now(), now()),
  ('cl88290a173b6d4f0d9701e8', 'Voz 31', '', 'Auto', 'Auto', 'Auto', 'Auto', 'custom', '', 30, true, now(), now()),
  ('cl397ee47a87ee4d1da510e4', 'Voz 32', '', 'Auto', 'Auto', 'Auto', 'Auto', 'custom', '', 31, true, now(), now()),
  ('cl4c616781432946eb95e8ee', 'Voz 33', '', 'Auto', 'Auto', 'Auto', 'Auto', 'custom', '', 32, true, now(), now()),
  ('cl428e290fe7f649618fceb5', 'Voz 34', '', 'Auto', 'Auto', 'Auto', 'Auto', 'custom', '', 33, true, now(), now()),
  ('cla78d9495684c43f38ddd3c', 'Voz 35', '', 'Auto', 'Auto', 'Auto', 'Auto', 'custom', '', 34, true, now(), now()),
  ('cl5a7963be7bed4a94974fa1', 'Voz 36', '', 'Auto', 'Auto', 'Auto', 'Auto', 'custom', '', 35, true, now(), now()),
  ('cl00382596cff6417ba85d1d', 'Voz 37', '', 'Auto', 'Auto', 'Auto', 'Auto', 'custom', '', 36, true, now(), now()),
  ('cl94f8d682fba949e79cd664', 'Voz 38', '', 'Auto', 'Auto', 'Auto', 'Auto', 'custom', '', 37, true, now(), now()),
  ('clfb411a732b8d46d9892735', 'Voz 39', '', 'Auto', 'Auto', 'Auto', 'Auto', 'custom', '', 38, true, now(), now()),
  ('cl887e449783ed4e1e8f7244', 'Voz 40', '', 'Auto', 'Auto', 'Auto', 'Auto', 'custom', '', 39, true, now(), now()),
  ('cl6316cb489cf74308bc9646', 'Voz 41', '', 'Auto', 'Auto', 'Auto', 'Auto', 'custom', '', 40, true, now(), now()),
  ('cla0132bcd6cc9478fbcce20', 'Voz 42', '', 'Auto', 'Auto', 'Auto', 'Auto', 'custom', '', 41, true, now(), now()),
  ('cl15608201026f46bd9fe819', 'Voz 43', '', 'Auto', 'Auto', 'Auto', 'Auto', 'custom', '', 42, true, now(), now()),
  ('cl407dabdc0beb49d1b45c2d', 'Voz 44', '', 'Auto', 'Auto', 'Auto', 'Auto', 'custom', '', 43, true, now(), now()),
  ('clec818fc24c384a73bfc2c0', 'Voz 45', '', 'Auto', 'Auto', 'Auto', 'Auto', 'custom', '', 44, true, now(), now()),
  ('cl792da2b7bf51493dadba39', 'Voz 46', '', 'Auto', 'Auto', 'Auto', 'Auto', 'custom', '', 45, true, now(), now()),
  ('clec0f767989cc402ea92586', 'Voz 47', '', 'Auto', 'Auto', 'Auto', 'Auto', 'custom', '', 46, true, now(), now()),
  ('cl6ec41e1df62d43f4829f86', 'Voz 48', '', 'Auto', 'Auto', 'Auto', 'Auto', 'custom', '', 47, true, now(), now()),
  ('cl99729f4667224a7ca0e407', 'Voz 49', '', 'Auto', 'Auto', 'Auto', 'Auto', 'custom', '', 48, true, now(), now()),
  ('cl304fc946a30d40cb8db585', 'Voz 50', '', 'Auto', 'Auto', 'Auto', 'Auto', 'custom', '', 49, true, now(), now()),
  ('cl9a381b6d2566405e86ccec', 'Voz 51', '', 'Auto', 'Auto', 'Auto', 'Auto', 'custom', '', 50, true, now(), now()),
  ('cl027b56298266467a86b14e', 'Voz 52', '', 'Auto', 'Auto', 'Auto', 'Auto', 'custom', '', 51, true, now(), now()),
  ('cl7c52f4347bea4cacbd7c62', 'Voz 53', '', 'Auto', 'Auto', 'Auto', 'Auto', 'custom', '', 52, true, now(), now()),
  ('cl82f355c2fa6c467eb0b6a0', 'Voz 54', '', 'Auto', 'Auto', 'Auto', 'Auto', 'custom', '', 53, true, now(), now()),
  ('cl64c0190070754c0491117a', 'Voz 55', '', 'Auto', 'Auto', 'Auto', 'Auto', 'custom', '', 54, true, now(), now()),
  ('cl71958cda381d4859a20230', 'Voz 56', '', 'Auto', 'Auto', 'Auto', 'Auto', 'custom', '', 55, true, now(), now()),
  ('cl906936d19ec94f73b23a10', 'Voz 57', '', 'Auto', 'Auto', 'Auto', 'Auto', 'custom', '', 56, true, now(), now()),
  ('clfde65520db1d4ac0be343a', 'Voz 58', '', 'Auto', 'Auto', 'Auto', 'Auto', 'custom', '', 57, true, now(), now()),
  ('clb38e6d131fb94dc1939ce5', 'Voz 59', '', 'Auto', 'Auto', 'Auto', 'Auto', 'custom', '', 58, true, now(), now()),
  ('clfc3447737cad4188961073', 'Voz 60', '', 'Auto', 'Auto', 'Auto', 'Auto', 'custom', '', 59, true, now(), now()),
  ('cl2f4c25b201414e6d87cdc2', 'Voz 61', '', 'Auto', 'Auto', 'Auto', 'Auto', 'custom', '', 60, true, now(), now()),
  ('clb1ce5dc998cd4d1392002b', 'Voz 62', '', 'Auto', 'Auto', 'Auto', 'Auto', 'custom', '', 61, true, now(), now()),
  ('cl26c68dd2faa04e3c9f2c0a', 'Voz 63', '', 'Auto', 'Auto', 'Auto', 'Auto', 'custom', '', 62, true, now(), now()),
  ('cl19cb577f0f134ae3a42d54', 'Voz 64', '', 'Auto', 'Auto', 'Auto', 'Auto', 'custom', '', 63, true, now(), now()),
  ('clf3d58822b339442cadf969', 'Voz 65', '', 'Auto', 'Auto', 'Auto', 'Auto', 'custom', '', 64, true, now(), now()),
  ('cl6c44ff0483494df49cdb58', 'Voz 66', '', 'Auto', 'Auto', 'Auto', 'Auto', 'custom', '', 65, true, now(), now()),
  ('cl6d5dfa1b0bf24189881951', 'Voz 67', '', 'Auto', 'Auto', 'Auto', 'Auto', 'custom', '', 66, true, now(), now()),
  ('cla2a04269e78b46a88c3589', 'Voz 68', '', 'Auto', 'Auto', 'Auto', 'Auto', 'custom', '', 67, true, now(), now()),
  ('cle14d5d0bd8cc42a5abae45', 'Voz 69', '', 'Auto', 'Auto', 'Auto', 'Auto', 'custom', '', 68, true, now(), now()),
  ('cl03034c8cc5824431847948', 'Voz 70', '', 'Auto', 'Auto', 'Auto', 'Auto', 'custom', '', 69, true, now(), now()),
  ('cle8489386a2cf4f5ab44d8c', 'Voz 71', '', 'Auto', 'Auto', 'Auto', 'Auto', 'custom', '', 70, true, now(), now()),
  ('cl5bd54fb39dff411086ff65', 'Voz 72', '', 'Auto', 'Auto', 'Auto', 'Auto', 'custom', '', 71, true, now(), now()),
  ('cl5bc9c0784cfb4529a64072', 'Voz 73', '', 'Auto', 'Auto', 'Auto', 'Auto', 'custom', '', 72, true, now(), now()),
  ('cl6ccd26d9debf4e0a809645', 'Voz 74', '', 'Auto', 'Auto', 'Auto', 'Auto', 'custom', '', 73, true, now(), now()),
  ('cl61de8ccaa59140a9bca79b', 'Voz 75', '', 'Auto', 'Auto', 'Auto', 'Auto', 'custom', '', 74, true, now(), now()),
  ('cl79ed7351f0f44582bcd8a4', 'Voz 76', '', 'Auto', 'Auto', 'Auto', 'Auto', 'custom', '', 75, true, now(), now()),
  ('cla7185cecc52e4a2f8eaa9c', 'Voz 77', '', 'Auto', 'Auto', 'Auto', 'Auto', 'custom', '', 76, true, now(), now()),
  ('cl91844a0527e24749975ddc', 'Voz 78', '', 'Auto', 'Auto', 'Auto', 'Auto', 'custom', '', 77, true, now(), now()),
  ('cl66dfa9691c774ad1919e43', 'Voz 79', '', 'Auto', 'Auto', 'Auto', 'Auto', 'custom', '', 78, true, now(), now()),
  ('cl44ef8ed2d3f148ecae02c2', 'Voz 80', '', 'Auto', 'Auto', 'Auto', 'Auto', 'custom', '', 79, true, now(), now()),
  ('cl9be5e04e0dba440b814c42', 'Voz 81', '', 'Auto', 'Auto', 'Auto', 'Auto', 'custom', '', 80, true, now(), now()),
  ('cl6e04b7a1bb384214b08086', 'Voz 82', '', 'Auto', 'Auto', 'Auto', 'Auto', 'custom', '', 81, true, now(), now()),
  ('cl3401e82c8e2d45458a54a2', 'Voz 83', '', 'Auto', 'Auto', 'Auto', 'Auto', 'custom', '', 82, true, now(), now()),
  ('cl98b531db51dd4e2e9de4a8', 'Voz 84', '', 'Auto', 'Auto', 'Auto', 'Auto', 'custom', '', 83, true, now(), now()),
  ('cla24c89e0b43d46c5986772', 'Voz 85', '', 'Auto', 'Auto', 'Auto', 'Auto', 'custom', '', 84, true, now(), now()),
  ('cl9a8e6a6ee40f4dcbbe0ad5', 'Voz 86', '', 'Auto', 'Auto', 'Auto', 'Auto', 'custom', '', 85, true, now(), now()),
  ('cl17909fd6fb864fe8bd0fa4', 'Voz 87', '', 'Auto', 'Auto', 'Auto', 'Auto', 'custom', '', 86, true, now(), now()),
  ('clf599a3618d5b44bbb20afd', 'Voz 88', '', 'Auto', 'Auto', 'Auto', 'Auto', 'custom', '', 87, true, now(), now()),
  ('cl7567a412209a4f06be9acf', 'Voz 89', '', 'Auto', 'Auto', 'Auto', 'Auto', 'custom', '', 88, true, now(), now()),
  ('cl9237482f29aa457da7eba2', 'Voz 90', '', 'Auto', 'Auto', 'Auto', 'Auto', 'custom', '', 89, true, now(), now()),
  ('cle9eef3d8efba409888e261', 'Voz 91', '', 'Auto', 'Auto', 'Auto', 'Auto', 'custom', '', 90, true, now(), now()),
  ('cl1100d3e05ddc4dd6a340e7', 'Voz 92', '', 'Auto', 'Auto', 'Auto', 'Auto', 'custom', '', 91, true, now(), now()),
  ('cl5e2a48cf72254880967ae5', 'Voz 93', '', 'Auto', 'Auto', 'Auto', 'Auto', 'custom', '', 92, true, now(), now()),
  ('cl0b4cb92594ee454babd99f', 'Voz 94', '', 'Auto', 'Auto', 'Auto', 'Auto', 'custom', '', 93, true, now(), now()),
  ('cl6aab6576ffc5404cbbffdd', 'Voz 95', '', 'Auto', 'Auto', 'Auto', 'Auto', 'custom', '', 94, true, now(), now()),
  ('cl74971868a1e84935a83898', 'Voz 96', '', 'Auto', 'Auto', 'Auto', 'Auto', 'custom', '', 95, true, now(), now()),
  ('clca5d056b8576419fa29dc7', 'Voz 97', '', 'Auto', 'Auto', 'Auto', 'Auto', 'custom', '', 96, true, now(), now()),
  ('cl1285c8d73d1942b5bd5d8c', 'Voz 98', '', 'Auto', 'Auto', 'Auto', 'Auto', 'custom', '', 97, true, now(), now()),
  ('cla5e40434ba3a4f8f997115', 'Voz 99', '', 'Auto', 'Auto', 'Auto', 'Auto', 'custom', '', 98, true, now(), now()),
  ('cla76c4b6598814b88a3fc51', 'Voz 100', '', 'Auto', 'Auto', 'Auto', 'Auto', 'custom', '', 99, true, now(), now()),
  ('cl3b217444b01b41abb2bec4', 'Voz 101', '', 'Auto', 'Auto', 'Auto', 'Auto', 'custom', '', 100, true, now(), now()),
  ('cl19a533efb9ed468baa8fed', 'Voz 102', '', 'Auto', 'Auto', 'Auto', 'Auto', 'custom', '', 101, true, now(), now()),
  ('cl6e14d5363bfa472688d483', 'Voz 103', '', 'Auto', 'Auto', 'Auto', 'Auto', 'custom', '', 102, true, now(), now()),
  ('cl22f4deafbc6a41dea26a10', 'Voz 104', '', 'Auto', 'Auto', 'Auto', 'Auto', 'custom', '', 103, true, now(), now()),
  ('clc2b8056e9fad4e19803903', 'Voz 105', '', 'Auto', 'Auto', 'Auto', 'Auto', 'custom', '', 104, true, now(), now()),
  ('clc2d9221f9a6d421c92e90f', 'Voz 106', '', 'Auto', 'Auto', 'Auto', 'Auto', 'custom', '', 105, true, now(), now()),
  ('cl54b426566a8248599151ef', 'Voz 107', '', 'Auto', 'Auto', 'Auto', 'Auto', 'custom', '', 106, true, now(), now()),
  ('cl359cd0a7dd0a4a099e7dc4', 'Voz 108', '', 'Auto', 'Auto', 'Auto', 'Auto', 'custom', '', 107, true, now(), now()),
  ('cl2133563a704141f4bdee2b', 'Voz 109', '', 'Auto', 'Auto', 'Auto', 'Auto', 'custom', '', 108, true, now(), now()),
  ('clbe29db7bfad24fcdbf871e', 'Voz 110', '', 'Auto', 'Auto', 'Auto', 'Auto', 'custom', '', 109, true, now(), now()),
  ('cl8bc4b98a46b740769201a3', 'Voz 111', '', 'Auto', 'Auto', 'Auto', 'Auto', 'custom', '', 110, true, now(), now()),
  ('clbb0d603d69814ace9a5d39', 'Voz 112', '', 'Auto', 'Auto', 'Auto', 'Auto', 'custom', '', 111, true, now(), now()),
  ('clf71f5fc81f9f47889253a2', 'Voz 113', '', 'Auto', 'Auto', 'Auto', 'Auto', 'custom', '', 112, true, now(), now()),
  ('cl4cbdeb8736754737a19e62', 'Voz 114', '', 'Auto', 'Auto', 'Auto', 'Auto', 'custom', '', 113, true, now(), now()),
  ('cl5cacc0f0ffac435396b40b', 'Voz 115', '', 'Auto', 'Auto', 'Auto', 'Auto', 'custom', '', 114, true, now(), now()),
  ('cl8befe8bbad1f426e809b60', 'Voz 116', '', 'Auto', 'Auto', 'Auto', 'Auto', 'custom', '', 115, true, now(), now()),
  ('cl7e19f7b3f85644e794ef80', 'Voz 117', '', 'Auto', 'Auto', 'Auto', 'Auto', 'custom', '', 116, true, now(), now()),
  ('cl9dfc5cde4ac34661a711ac', 'Voz 118', '', 'Auto', 'Auto', 'Auto', 'Auto', 'custom', '', 117, true, now(), now()),
  ('clac4ff26113854a4dab15cc', 'Voz 119', '', 'Auto', 'Auto', 'Auto', 'Auto', 'custom', '', 118, true, now(), now()),
  ('cl768838cef0464add9af6be', 'Voz 120', '', 'Auto', 'Auto', 'Auto', 'Auto', 'custom', '', 119, true, now(), now()),
  ('cla96fa03f2a7f4eab9434bc', 'Voz 121', '', 'Auto', 'Auto', 'Auto', 'Auto', 'custom', '', 120, true, now(), now()),
  ('cl3d9525e9cbf441a5bca410', 'Voz 122', '', 'Auto', 'Auto', 'Auto', 'Auto', 'custom', '', 121, true, now(), now()),
  ('cl5862216fc5544811b1b37e', 'Voz 123', '', 'Auto', 'Auto', 'Auto', 'Auto', 'custom', '', 122, true, now(), now()),
  ('cl3815b21a50c14121a797c1', 'Voz 124', '', 'Auto', 'Auto', 'Auto', 'Auto', 'custom', '', 123, true, now(), now()),
  ('cl43c37ee05dbe4011bcc000', 'Voz 125', '', 'Auto', 'Auto', 'Auto', 'Auto', 'custom', '', 124, true, now(), now()),
  ('cl4bccb5d3b02f4cdc938d7a', 'Voz 126', '', 'Auto', 'Auto', 'Auto', 'Auto', 'custom', '', 125, true, now(), now()),
  ('clc8206d71327d431695106f', 'Voz 127', '', 'Auto', 'Auto', 'Auto', 'Auto', 'custom', '', 126, true, now(), now()),
  ('cle3e62ce23d4a49bb82041b', 'Voz 128', '', 'Auto', 'Auto', 'Auto', 'Auto', 'custom', '', 127, true, now(), now()),
  ('cldcc7b907a2474a6a9edbd2', 'Voz 129', '', 'Auto', 'Auto', 'Auto', 'Auto', 'custom', '', 128, true, now(), now()),
  ('clf774f332d2c14d399b2809', 'Voz 130', '', 'Auto', 'Auto', 'Auto', 'Auto', 'custom', '', 129, true, now(), now()),
  ('cl94ae5cb6c34448729ddac3', 'Voz 131', '', 'Auto', 'Auto', 'Auto', 'Auto', 'custom', '', 130, true, now(), now()),
  ('cl4f23315fb3c74017bee927', 'Voz 132', '', 'Auto', 'Auto', 'Auto', 'Auto', 'custom', '', 131, true, now(), now()),
  ('cl0cea2924c5474bd0a7a0be', 'Voz 133', '', 'Auto', 'Auto', 'Auto', 'Auto', 'custom', '', 132, true, now(), now()),
  ('cl0439694dc5ac499b9deef5', 'Voz 134', '', 'Auto', 'Auto', 'Auto', 'Auto', 'custom', '', 133, true, now(), now()),
  ('cl1e087ab83a304215a09593', 'Voz 135', '', 'Auto', 'Auto', 'Auto', 'Auto', 'custom', '', 134, true, now(), now()),
  ('clc694513152624167b74c3e', 'Voz 136', '', 'Auto', 'Auto', 'Auto', 'Auto', 'custom', '', 135, true, now(), now()),
  ('cl0bb622492b5b4b929fda6e', 'Voz 137', '', 'Auto', 'Auto', 'Auto', 'Auto', 'custom', '', 136, true, now(), now()),
  ('clf3e979348c794eadb3c31d', 'Voz 138', '', 'Auto', 'Auto', 'Auto', 'Auto', 'custom', '', 137, true, now(), now()),
  ('clf69547463b1345c8a5d6d5', 'Voz 139', '', 'Auto', 'Auto', 'Auto', 'Auto', 'custom', '', 138, true, now(), now()),
  ('cl8e4d394e848a4cb1ab384c', 'Voz 140', '', 'Auto', 'Auto', 'Auto', 'Auto', 'custom', '', 139, true, now(), now()),
  ('cl3f163a57de2a42f8b4b84c', 'Voz 141', '', 'Auto', 'Auto', 'Auto', 'Auto', 'custom', '', 140, true, now(), now()),
  ('cl9dd029eac49c4053b1dee8', 'Voz 142', '', 'Auto', 'Auto', 'Auto', 'Auto', 'custom', '', 141, true, now(), now()),
  ('cl29c3105352f241eebb3925', 'Voz 143', '', 'Auto', 'Auto', 'Auto', 'Auto', 'custom', '', 142, true, now(), now()),
  ('cl4375df4fb2cf4186922073', 'Voz 144', '', 'Auto', 'Auto', 'Auto', 'Auto', 'custom', '', 143, true, now(), now()),
  ('cl163055f9878c4267b2127b', 'Voz 145', '', 'Auto', 'Auto', 'Auto', 'Auto', 'custom', '', 144, true, now(), now()),
  ('cl4660465f068c481b8ab4d7', 'Voz 146', '', 'Auto', 'Auto', 'Auto', 'Auto', 'custom', '', 145, true, now(), now()),
  ('cl401b330204da47b1aa2cfa', 'Voz 147', '', 'Auto', 'Auto', 'Auto', 'Auto', 'custom', '', 146, true, now(), now()),
  ('cl1539b629e4a7406f9dbd8e', 'Voz 148', '', 'Auto', 'Auto', 'Auto', 'Auto', 'custom', '', 147, true, now(), now()),
  ('cl475422819bf346ebb78b8b', 'Voz 149', '', 'Auto', 'Auto', 'Auto', 'Auto', 'custom', '', 148, true, now(), now()),
  ('cl81ab7b6bba72438f833f4e', 'Voz 150', '', 'Auto', 'Auto', 'Auto', 'Auto', 'custom', '', 149, true, now(), now());

-- VARIACOES DE VOZ (150 variacoes)
INSERT INTO "VoiceVariation" (id, "voiceId", label, emoji, "refAudioPath", "refAudioServerUrl", "refAudioFilename", "refAudioName", "refText", instruct, "defaultSpeed", "order", active, "createdAt", "updatedAt") VALUES
  ('cl4281d40facc346e6843926', 'cld373fb77c5ac447da67cb7', 'Neutra', '', '/var/www/omnivoice/audios/ref/6a071570e48f6_1778849136.mp3', 'https://api.cvmnews.com.br/audios/ref/6a071570e48f6_1778849136.mp3', '6a071570e48f6_1778849136.mp3', '6a071570e48f6_1778849136.mp3', '', '', 0, 0, true, now(), now()),
  ('cldfe4e176105247cebd96b1', 'cl12e77b5fee824d0ba37cbd', 'Neutra', '', '/var/www/omnivoice/audios/ref/6a074c7acd41a_1778863226.mp3', 'https://api.cvmnews.com.br/audios/ref/6a074c7acd41a_1778863226.mp3', '6a074c7acd41a_1778863226.mp3', '6a074c7acd41a_1778863226.mp3', '', '', 0, 0, true, now(), now()),
  ('cl516dc723e8524ff6a017b4', 'clb6b79fde66e8499f953bde', 'Neutra', '', '/var/www/omnivoice/audios/ref/6a074d00c4d9a_1778863360.mp3', 'https://api.cvmnews.com.br/audios/ref/6a074d00c4d9a_1778863360.mp3', '6a074d00c4d9a_1778863360.mp3', '6a074d00c4d9a_1778863360.mp3', '', '', 0, 0, true, now(), now()),
  ('cle623aef0e1ae480fbfe972', 'cl1ce371732dcc499782499d', 'Neutra', '', '/var/www/omnivoice/audios/ref/6a076eb0e73ba_1778871984.mp3', 'https://api.cvmnews.com.br/audios/ref/6a076eb0e73ba_1778871984.mp3', '6a076eb0e73ba_1778871984.mp3', '6a076eb0e73ba_1778871984.mp3', '', '', 0, 0, true, now(), now()),
  ('cl419b2a907221447eaf7129', 'clb5278be5a6c64471a13b57', 'Neutra', '', '/var/www/omnivoice/audios/ref/6a076eb54f528_1778871989.mp3', 'https://api.cvmnews.com.br/audios/ref/6a076eb54f528_1778871989.mp3', '6a076eb54f528_1778871989.mp3', '6a076eb54f528_1778871989.mp3', '', '', 0, 0, true, now(), now()),
  ('cl2174952fea5c4d3fb2b76b', 'cld93c43d506ed452a892fdc', 'Neutra', '', '/var/www/omnivoice/audios/ref/6a0770f81c84b_1778872568.mp3', 'https://api.cvmnews.com.br/audios/ref/6a0770f81c84b_1778872568.mp3', '6a0770f81c84b_1778872568.mp3', '6a0770f81c84b_1778872568.mp3', '', '', 0, 0, true, now(), now()),
  ('cl94a7a859c972442abf5c3d', 'cl5aee0ce43151434fb8c122', 'Neutra', '', '/var/www/omnivoice/audios/ref/6a07ea05250d9_1778903557.wav', 'https://api.cvmnews.com.br/audios/ref/6a07ea05250d9_1778903557.wav', '6a07ea05250d9_1778903557.wav', '6a07ea05250d9_1778903557.wav', '', '', 0, 0, true, now(), now()),
  ('cl93b51e10652548b9b6c511', 'cl3351ed81a6f14c91b40858', 'Neutra', '', '/var/www/omnivoice/audios/ref/6a07ea36a6918_1778903606.wav', 'https://api.cvmnews.com.br/audios/ref/6a07ea36a6918_1778903606.wav', '6a07ea36a6918_1778903606.wav', '6a07ea36a6918_1778903606.wav', '', '', 0, 0, true, now(), now()),
  ('cla3435f74ca1d4ac6ab4803', 'cl35120fdb26504b399141d5', 'Neutra', '', '/var/www/omnivoice/audios/ref/6a07eb87ecca9_1778903943.wav', 'https://api.cvmnews.com.br/audios/ref/6a07eb87ecca9_1778903943.wav', '6a07eb87ecca9_1778903943.wav', '6a07eb87ecca9_1778903943.wav', '', '', 0, 0, true, now(), now()),
  ('cl0d19def38f474d66b8ffb4', 'cl852c6dc6372947dba902b8', 'Neutra', '', '/var/www/omnivoice/audios/ref/6a07ebbeb65f3_1778903998.wav', 'https://api.cvmnews.com.br/audios/ref/6a07ebbeb65f3_1778903998.wav', '6a07ebbeb65f3_1778903998.wav', '6a07ebbeb65f3_1778903998.wav', '', '', 0, 0, true, now(), now()),
  ('cl1beb9c41dbca4056a8c4dc', 'cld73fe6f3bb2a4495a3e2fa', 'Neutra', '', '/var/www/omnivoice/audios/ref/6a07ebdb9287c_1778904027.wav', 'https://api.cvmnews.com.br/audios/ref/6a07ebdb9287c_1778904027.wav', '6a07ebdb9287c_1778904027.wav', '6a07ebdb9287c_1778904027.wav', '', '', 0, 0, true, now(), now()),
  ('clfa87597cf29f46688b5f81', 'cl76dbbffc3317420aa91116', 'Neutra', '', '/var/www/omnivoice/audios/ref/6a07ebfe28196_1778904062.wav', 'https://api.cvmnews.com.br/audios/ref/6a07ebfe28196_1778904062.wav', '6a07ebfe28196_1778904062.wav', '6a07ebfe28196_1778904062.wav', '', '', 0, 0, true, now(), now()),
  ('cl1270acaa835d4163ab9602', 'cle763920da0f94006864de0', 'Neutra', '', '/var/www/omnivoice/audios/ref/6a07ec8346197_1778904195.wav', 'https://api.cvmnews.com.br/audios/ref/6a07ec8346197_1778904195.wav', '6a07ec8346197_1778904195.wav', '6a07ec8346197_1778904195.wav', '', '', 0, 0, true, now(), now()),
  ('cl6f9372bac40f47ed959837', 'cl40ca5284fbe943c5b804eb', 'Neutra', '', '/var/www/omnivoice/audios/ref/6a07eca2d9779_1778904226.wav', 'https://api.cvmnews.com.br/audios/ref/6a07eca2d9779_1778904226.wav', '6a07eca2d9779_1778904226.wav', '6a07eca2d9779_1778904226.wav', '', '', 0, 0, true, now(), now()),
  ('cld6b4ffde938845f098ff53', 'cl627088ac33d1447980e90d', 'Neutra', '', '/var/www/omnivoice/audios/ref/6a07ecc231d3b_1778904258.wav', 'https://api.cvmnews.com.br/audios/ref/6a07ecc231d3b_1778904258.wav', '6a07ecc231d3b_1778904258.wav', '6a07ecc231d3b_1778904258.wav', '', '', 0, 0, true, now(), now()),
  ('cleb97506e52054202aeb1ac', 'cl3aacdf9f6a6244729ee0ed', 'Neutra', '', '/var/www/omnivoice/audios/ref/6a07ece19171d_1778904289.wav', 'https://api.cvmnews.com.br/audios/ref/6a07ece19171d_1778904289.wav', '6a07ece19171d_1778904289.wav', '6a07ece19171d_1778904289.wav', '', '', 0, 0, true, now(), now()),
  ('cl22afca38df174fe2b73ace', 'cl5dec5455b7c24b49964b36', 'Neutra', '', '/var/www/omnivoice/audios/ref/6a07ecfca5052_1778904316.wav', 'https://api.cvmnews.com.br/audios/ref/6a07ecfca5052_1778904316.wav', '6a07ecfca5052_1778904316.wav', '6a07ecfca5052_1778904316.wav', '', '', 0, 0, true, now(), now()),
  ('cl4fcbb5caf1c24c03973f26', 'clb3cc7d707a8d4c56b5cbea', 'Neutra', '', '/var/www/omnivoice/audios/ref/6a07ed0a3bbf5_1778904330.wav', 'https://api.cvmnews.com.br/audios/ref/6a07ed0a3bbf5_1778904330.wav', '6a07ed0a3bbf5_1778904330.wav', '6a07ed0a3bbf5_1778904330.wav', '', '', 0, 0, true, now(), now()),
  ('clb391c7cfc2ec4c17a41143', 'cld45d7806f480487cb173ec', 'Neutra', '', '/var/www/omnivoice/audios/ref/6a07ed49601c4_1778904393.wav', 'https://api.cvmnews.com.br/audios/ref/6a07ed49601c4_1778904393.wav', '6a07ed49601c4_1778904393.wav', '6a07ed49601c4_1778904393.wav', '', '', 0, 0, true, now(), now()),
  ('clea43d0017d3544c78fd926', 'clb8d3c3decdea410e832da9', 'Neutra', '', '/var/www/omnivoice/audios/ref/6a07ed659c1a2_1778904421.wav', 'https://api.cvmnews.com.br/audios/ref/6a07ed659c1a2_1778904421.wav', '6a07ed659c1a2_1778904421.wav', '6a07ed659c1a2_1778904421.wav', '', '', 0, 0, true, now(), now()),
  ('clc21a57283a8e4738ac6fa9', 'cl6527d04d0baa4b469ed99a', 'Neutra', '', '/var/www/omnivoice/audios/ref/6a07ed810b9b9_1778904449.wav', 'https://api.cvmnews.com.br/audios/ref/6a07ed810b9b9_1778904449.wav', '6a07ed810b9b9_1778904449.wav', '6a07ed810b9b9_1778904449.wav', '', '', 0, 0, true, now(), now()),
  ('cl38b9ab95391d41458b7ff3', 'cle542a1cf043f44899a3134', 'Neutra', '', '/var/www/omnivoice/audios/ref/6a07ede0c8600_1778904544.wav', 'https://api.cvmnews.com.br/audios/ref/6a07ede0c8600_1778904544.wav', '6a07ede0c8600_1778904544.wav', '6a07ede0c8600_1778904544.wav', '', '', 0, 0, true, now(), now()),
  ('cl603206c6c3284cf295bf6e', 'clf955c12aa6e6445da85041', 'Neutra', '', '/var/www/omnivoice/audios/ref/6a07edf4d5ef8_1778904564.wav', 'https://api.cvmnews.com.br/audios/ref/6a07edf4d5ef8_1778904564.wav', '6a07edf4d5ef8_1778904564.wav', '6a07edf4d5ef8_1778904564.wav', '', '', 0, 0, true, now(), now()),
  ('cl13d5272579044d5d9ac076', 'clafee07e4802e4711a2ea81', 'Neutra', '', '/var/www/omnivoice/audios/ref/6a07ee08b8aff_1778904584.wav', 'https://api.cvmnews.com.br/audios/ref/6a07ee08b8aff_1778904584.wav', '6a07ee08b8aff_1778904584.wav', '6a07ee08b8aff_1778904584.wav', '', '', 0, 0, true, now(), now()),
  ('clffa5e32abddd46fc90a1f2', 'cld383464a3b774a4b9af5b7', 'Neutra', '', '/var/www/omnivoice/audios/ref/6a07ee17dff7d_1778904599.wav', 'https://api.cvmnews.com.br/audios/ref/6a07ee17dff7d_1778904599.wav', '6a07ee17dff7d_1778904599.wav', '6a07ee17dff7d_1778904599.wav', '', '', 0, 0, true, now(), now()),
  ('cl40442c4f50164e10937bdb', 'cl4482be4a87b842bf8215fe', 'Neutra', '', '/var/www/omnivoice/audios/ref/6a08a84e30d9c_1778952270.wav', 'https://api.cvmnews.com.br/audios/ref/6a08a84e30d9c_1778952270.wav', '6a08a84e30d9c_1778952270.wav', '6a08a84e30d9c_1778952270.wav', '', '', 0, 0, true, now(), now()),
  ('cld903d363e6454ee2b66c71', 'cl0b488d24bd994a6eb837f2', 'Neutra', '', '/var/www/omnivoice/audios/ref/6a08a9a6d4df2_1778952614.wav', 'https://api.cvmnews.com.br/audios/ref/6a08a9a6d4df2_1778952614.wav', '6a08a9a6d4df2_1778952614.wav', '6a08a9a6d4df2_1778952614.wav', '', '', 0, 0, true, now(), now()),
  ('cl5c0b0200da6c4975ae8e09', 'cle2ef06891a874566a5663e', 'Neutra', '', '/var/www/omnivoice/audios/ref/6a08aed7ed7fa_1778953943.wav', 'https://api.cvmnews.com.br/audios/ref/6a08aed7ed7fa_1778953943.wav', '6a08aed7ed7fa_1778953943.wav', '6a08aed7ed7fa_1778953943.wav', '', '', 0, 0, true, now(), now()),
  ('cl6707f8630fd04eefbfb9b4', 'cldec3642fc3334fcbb1e2e2', 'Neutra', '', '/var/www/omnivoice/audios/ref/6a08b84fe4581_1778956367.wav', 'https://api.cvmnews.com.br/audios/ref/6a08b84fe4581_1778956367.wav', '6a08b84fe4581_1778956367.wav', '6a08b84fe4581_1778956367.wav', '', '', 0, 0, true, now(), now()),
  ('cld4be93c7a0344f358d76c8', 'cl4e363887fd27466d841b5a', 'Neutra', '', '/var/www/omnivoice/audios/ref/6a08b852bd436_1778956370.wav', 'https://api.cvmnews.com.br/audios/ref/6a08b852bd436_1778956370.wav', '6a08b852bd436_1778956370.wav', '6a08b852bd436_1778956370.wav', '', '', 0, 0, true, now(), now()),
  ('cl5c8ebb7b3e5543b4a676ec', 'cl88290a173b6d4f0d9701e8', 'Neutra', '', '/var/www/omnivoice/audios/ref/6a08b855563f2_1778956373.wav', 'https://api.cvmnews.com.br/audios/ref/6a08b855563f2_1778956373.wav', '6a08b855563f2_1778956373.wav', '6a08b855563f2_1778956373.wav', '', '', 0, 0, true, now(), now()),
  ('clc99d5c74b2a24cb1956861', 'cl397ee47a87ee4d1da510e4', 'Neutra', '', '/var/www/omnivoice/audios/ref/6a08b85808eb9_1778956376.wav', 'https://api.cvmnews.com.br/audios/ref/6a08b85808eb9_1778956376.wav', '6a08b85808eb9_1778956376.wav', '6a08b85808eb9_1778956376.wav', '', '', 0, 0, true, now(), now()),
  ('cl607586737c974324a0a24c', 'cl4c616781432946eb95e8ee', 'Neutra', '', '/var/www/omnivoice/audios/ref/6a08b85974754_1778956377.mp3', 'https://api.cvmnews.com.br/audios/ref/6a08b85974754_1778956377.mp3', '6a08b85974754_1778956377.mp3', '6a08b85974754_1778956377.mp3', '', '', 0, 0, true, now(), now()),
  ('cldee85ffb4e5b4a4d9c8610', 'cl428e290fe7f649618fceb5', 'Neutra', '', '/var/www/omnivoice/audios/ref/6a08b85c0d882_1778956380.wav', 'https://api.cvmnews.com.br/audios/ref/6a08b85c0d882_1778956380.wav', '6a08b85c0d882_1778956380.wav', '6a08b85c0d882_1778956380.wav', '', '', 0, 0, true, now(), now()),
  ('cl58bae19ac0294b8f9478d1', 'cla78d9495684c43f38ddd3c', 'Neutra', '', '/var/www/omnivoice/audios/ref/6a08b882d6b36_1778956418.wav', 'https://api.cvmnews.com.br/audios/ref/6a08b882d6b36_1778956418.wav', '6a08b882d6b36_1778956418.wav', '6a08b882d6b36_1778956418.wav', '', '', 0, 0, true, now(), now()),
  ('cl4db670680d8544eabb163d', 'cl5a7963be7bed4a94974fa1', 'Neutra', '', '/var/www/omnivoice/audios/ref/6a08b897af6b2_1778956439.wav', 'https://api.cvmnews.com.br/audios/ref/6a08b897af6b2_1778956439.wav', '6a08b897af6b2_1778956439.wav', '6a08b897af6b2_1778956439.wav', '', '', 0, 0, true, now(), now()),
  ('cl802886aa4acf4b9bbb44f5', 'cl00382596cff6417ba85d1d', 'Neutra', '', '/var/www/omnivoice/audios/ref/6a08b89a8aa2e_1778956442.wav', 'https://api.cvmnews.com.br/audios/ref/6a08b89a8aa2e_1778956442.wav', '6a08b89a8aa2e_1778956442.wav', '6a08b89a8aa2e_1778956442.wav', '', '', 0, 0, true, now(), now()),
  ('cl2df28dd6ade04b289a5dbc', 'cl94f8d682fba949e79cd664', 'Neutra', '', '/var/www/omnivoice/audios/ref/6a08b8a0c470d_1778956448.wav', 'https://api.cvmnews.com.br/audios/ref/6a08b8a0c470d_1778956448.wav', '6a08b8a0c470d_1778956448.wav', '6a08b8a0c470d_1778956448.wav', '', '', 0, 0, true, now(), now()),
  ('cld3cadd5b05354951b4d70f', 'clfb411a732b8d46d9892735', 'Neutra', '', '/var/www/omnivoice/audios/ref/6a08b8a740aaf_1778956455.wav', 'https://api.cvmnews.com.br/audios/ref/6a08b8a740aaf_1778956455.wav', '6a08b8a740aaf_1778956455.wav', '6a08b8a740aaf_1778956455.wav', '', '', 0, 0, true, now(), now()),
  ('clc67e4db06bae4343af3334', 'cl887e449783ed4e1e8f7244', 'Neutra', '', '/var/www/omnivoice/audios/ref/6a08b8af9ea67_1778956463.wav', 'https://api.cvmnews.com.br/audios/ref/6a08b8af9ea67_1778956463.wav', '6a08b8af9ea67_1778956463.wav', '6a08b8af9ea67_1778956463.wav', '', '', 0, 0, true, now(), now()),
  ('clce792818fcb54e20a844ce', 'cl6316cb489cf74308bc9646', 'Neutra', '', '/var/www/omnivoice/audios/ref/6a08b8b27bcbc_1778956466.wav', 'https://api.cvmnews.com.br/audios/ref/6a08b8b27bcbc_1778956466.wav', '6a08b8b27bcbc_1778956466.wav', '6a08b8b27bcbc_1778956466.wav', '', '', 0, 0, true, now(), now()),
  ('cl81af85f52f6e4140adcd33', 'cla0132bcd6cc9478fbcce20', 'Neutra', '', '/var/www/omnivoice/audios/ref/6a08b8b55e453_1778956469.wav', 'https://api.cvmnews.com.br/audios/ref/6a08b8b55e453_1778956469.wav', '6a08b8b55e453_1778956469.wav', '6a08b8b55e453_1778956469.wav', '', '', 0, 0, true, now(), now()),
  ('clea0ff931eb504cf5b18fee', 'cl15608201026f46bd9fe819', 'Neutra', '', '/var/www/omnivoice/audios/ref/6a08b8bad0b4b_1778956474.wav', 'https://api.cvmnews.com.br/audios/ref/6a08b8bad0b4b_1778956474.wav', '6a08b8bad0b4b_1778956474.wav', '6a08b8bad0b4b_1778956474.wav', '', '', 0, 0, true, now(), now()),
  ('clcb328e56e5fd4a0cbe908c', 'cl407dabdc0beb49d1b45c2d', 'Neutra', '', '/var/www/omnivoice/audios/ref/6a08b8bd44204_1778956477.wav', 'https://api.cvmnews.com.br/audios/ref/6a08b8bd44204_1778956477.wav', '6a08b8bd44204_1778956477.wav', '6a08b8bd44204_1778956477.wav', '', '', 0, 0, true, now(), now()),
  ('clc0d02ccbd47041dda07a45', 'clec818fc24c384a73bfc2c0', 'Neutra', '', '/var/www/omnivoice/audios/ref/6a08b8bfd24ae_1778956479.wav', 'https://api.cvmnews.com.br/audios/ref/6a08b8bfd24ae_1778956479.wav', '6a08b8bfd24ae_1778956479.wav', '6a08b8bfd24ae_1778956479.wav', '', '', 0, 0, true, now(), now()),
  ('cl5ad26c35e18e4633b9b409', 'cl792da2b7bf51493dadba39', 'Neutra', '', '/var/www/omnivoice/audios/ref/6a08b8c235a2a_1778956482.wav', 'https://api.cvmnews.com.br/audios/ref/6a08b8c235a2a_1778956482.wav', '6a08b8c235a2a_1778956482.wav', '6a08b8c235a2a_1778956482.wav', '', '', 0, 0, true, now(), now()),
  ('cl28a21228ce464247bd938d', 'clec0f767989cc402ea92586', 'Neutra', '', '/var/www/omnivoice/audios/ref/6a08b8c50910b_1778956485.wav', 'https://api.cvmnews.com.br/audios/ref/6a08b8c50910b_1778956485.wav', '6a08b8c50910b_1778956485.wav', '6a08b8c50910b_1778956485.wav', '', '', 0, 0, true, now(), now()),
  ('cl36cfdc2f931f4663a36a7d', 'cl6ec41e1df62d43f4829f86', 'Neutra', '', '/var/www/omnivoice/audios/ref/6a08b8c7c020a_1778956487.wav', 'https://api.cvmnews.com.br/audios/ref/6a08b8c7c020a_1778956487.wav', '6a08b8c7c020a_1778956487.wav', '6a08b8c7c020a_1778956487.wav', '', '', 0, 0, true, now(), now()),
  ('clac73a0bbf3484c61a95abe', 'cl99729f4667224a7ca0e407', 'Neutra', '', '/var/www/omnivoice/audios/ref/6a08b8ca48238_1778956490.wav', 'https://api.cvmnews.com.br/audios/ref/6a08b8ca48238_1778956490.wav', '6a08b8ca48238_1778956490.wav', '6a08b8ca48238_1778956490.wav', '', '', 0, 0, true, now(), now()),
  ('cl4c487fa114f8439f9b30de', 'cl304fc946a30d40cb8db585', 'Neutra', '', '/var/www/omnivoice/audios/ref/6a08b8d25ff9d_1778956498.mp3', 'https://api.cvmnews.com.br/audios/ref/6a08b8d25ff9d_1778956498.mp3', '6a08b8d25ff9d_1778956498.mp3', '6a08b8d25ff9d_1778956498.mp3', '', '', 0, 0, true, now(), now()),
  ('cld5f44bbd2ba64fb0a3848d', 'cl9a381b6d2566405e86ccec', 'Neutra', '', '/var/www/omnivoice/audios/ref/6a0cb640f36de_1779217984.wav', 'https://api.cvmnews.com.br/audios/ref/6a0cb640f36de_1779217984.wav', '6a0cb640f36de_1779217984.wav', '6a0cb640f36de_1779217984.wav', '', '', 0, 0, true, now(), now()),
  ('cl41941c1409084e94833241', 'cl027b56298266467a86b14e', 'Neutra', '', '/var/www/omnivoice/audios/ref/6a0cb660e5f78_1779218016.wav', 'https://api.cvmnews.com.br/audios/ref/6a0cb660e5f78_1779218016.wav', '6a0cb660e5f78_1779218016.wav', '6a0cb660e5f78_1779218016.wav', '', '', 0, 0, true, now(), now()),
  ('cld7fb7236441b4fe0a22710', 'cl7c52f4347bea4cacbd7c62', 'Neutra', '', '/var/www/omnivoice/audios/ref/6a0cb66fb7e9b_1779218031.wav', 'https://api.cvmnews.com.br/audios/ref/6a0cb66fb7e9b_1779218031.wav', '6a0cb66fb7e9b_1779218031.wav', '6a0cb66fb7e9b_1779218031.wav', '', '', 0, 0, true, now(), now()),
  ('cl0b7ee321bb5a44a2b355de', 'cl82f355c2fa6c467eb0b6a0', 'Neutra', '', '/var/www/omnivoice/audios/ref/6a0f913ce4a6f_1779405116.mp3', 'https://api.cvmnews.com.br/audios/ref/6a0f913ce4a6f_1779405116.mp3', '6a0f913ce4a6f_1779405116.mp3', '6a0f913ce4a6f_1779405116.mp3', '', '', 0, 0, true, now(), now()),
  ('cl656b4516bb3345f4bd2089', 'cl64c0190070754c0491117a', 'Neutra', '', '/var/www/omnivoice/audios/ref/6a103025a09ce_1779445797.wav', 'https://api.cvmnews.com.br/audios/ref/6a103025a09ce_1779445797.wav', '6a103025a09ce_1779445797.wav', '6a103025a09ce_1779445797.wav', '', '', 0, 0, true, now(), now()),
  ('cld956a17d68574c3e97bd5f', 'cl71958cda381d4859a20230', 'Neutra', '', '/var/www/omnivoice/audios/ref/6a103236dd3d5_1779446326.wav', 'https://api.cvmnews.com.br/audios/ref/6a103236dd3d5_1779446326.wav', '6a103236dd3d5_1779446326.wav', '6a103236dd3d5_1779446326.wav', '', '', 0, 0, true, now(), now()),
  ('cl711b99619f0b4725b51edb', 'cl906936d19ec94f73b23a10', 'Neutra', '', '/var/www/omnivoice/audios/ref/6a1034f2120a3_1779447026.wav', 'https://api.cvmnews.com.br/audios/ref/6a1034f2120a3_1779447026.wav', '6a1034f2120a3_1779447026.wav', '6a1034f2120a3_1779447026.wav', '', '', 0, 0, true, now(), now()),
  ('cl163ffcb8e4c045ea998b56', 'clfde65520db1d4ac0be343a', 'Neutra', '', '/var/www/omnivoice/audios/ref/6a10d2ae57f6e_1779487406.wav', 'https://api.cvmnews.com.br/audios/ref/6a10d2ae57f6e_1779487406.wav', '6a10d2ae57f6e_1779487406.wav', '6a10d2ae57f6e_1779487406.wav', '', '', 0, 0, true, now(), now()),
  ('cldb09c3e9f6c5496981a45f', 'clb38e6d131fb94dc1939ce5', 'Neutra', '', '/var/www/omnivoice/audios/ref/6a11faf5b7e9a_1779563253.mp3', 'https://api.cvmnews.com.br/audios/ref/6a11faf5b7e9a_1779563253.mp3', '6a11faf5b7e9a_1779563253.mp3', '6a11faf5b7e9a_1779563253.mp3', '', '', 0, 0, true, now(), now()),
  ('clc279b44d9ba74e689aaa23', 'clfc3447737cad4188961073', 'Neutra', '', '/var/www/omnivoice/audios/ref/6a12741c6581f_1779594268.mp3', 'https://api.cvmnews.com.br/audios/ref/6a12741c6581f_1779594268.mp3', '6a12741c6581f_1779594268.mp3', '6a12741c6581f_1779594268.mp3', '', '', 0, 0, true, now(), now()),
  ('clc135a1d7b87047ebb07698', 'cl2f4c25b201414e6d87cdc2', 'Neutra', '', '/var/www/omnivoice/audios/ref/6a127434c1578_1779594292.mp3', 'https://api.cvmnews.com.br/audios/ref/6a127434c1578_1779594292.mp3', '6a127434c1578_1779594292.mp3', '6a127434c1578_1779594292.mp3', '', '', 0, 0, true, now(), now()),
  ('clb989f1956481433db6c2cc', 'clb1ce5dc998cd4d1392002b', 'Neutra', '', '/var/www/omnivoice/audios/ref/6a12743a43016_1779594298.mp3', 'https://api.cvmnews.com.br/audios/ref/6a12743a43016_1779594298.mp3', '6a12743a43016_1779594298.mp3', '6a12743a43016_1779594298.mp3', '', '', 0, 0, true, now(), now()),
  ('cledbcc82f764f4f0b8e43f6', 'cl26c68dd2faa04e3c9f2c0a', 'Neutra', '', '/var/www/omnivoice/audios/ref/6a12743db96d8_1779594301.mp3', 'https://api.cvmnews.com.br/audios/ref/6a12743db96d8_1779594301.mp3', '6a12743db96d8_1779594301.mp3', '6a12743db96d8_1779594301.mp3', '', '', 0, 0, true, now(), now()),
  ('cl916d158a4d264e8f81c612', 'cl19cb577f0f134ae3a42d54', 'Neutra', '', '/var/www/omnivoice/audios/ref/6a12743f9508c_1779594303.mp3', 'https://api.cvmnews.com.br/audios/ref/6a12743f9508c_1779594303.mp3', '6a12743f9508c_1779594303.mp3', '6a12743f9508c_1779594303.mp3', '', '', 0, 0, true, now(), now()),
  ('cl45072763335b492dbc67a5', 'clf3d58822b339442cadf969', 'Neutra', '', '/var/www/omnivoice/audios/ref/6a12744234195_1779594306.mp3', 'https://api.cvmnews.com.br/audios/ref/6a12744234195_1779594306.mp3', '6a12744234195_1779594306.mp3', '6a12744234195_1779594306.mp3', '', '', 0, 0, true, now(), now()),
  ('cl8df5e811afc94e4e83a0de', 'cl6c44ff0483494df49cdb58', 'Neutra', '', '/var/www/omnivoice/audios/ref/6a12748022204_1779594368.mp3', 'https://api.cvmnews.com.br/audios/ref/6a12748022204_1779594368.mp3', '6a12748022204_1779594368.mp3', '6a12748022204_1779594368.mp3', '', '', 0, 0, true, now(), now()),
  ('cl4d2bcf6ce49c44d6b91582', 'cl6d5dfa1b0bf24189881951', 'Neutra', '', '/var/www/omnivoice/audios/ref/6a1274828d551_1779594370.mp3', 'https://api.cvmnews.com.br/audios/ref/6a1274828d551_1779594370.mp3', '6a1274828d551_1779594370.mp3', '6a1274828d551_1779594370.mp3', '', '', 0, 0, true, now(), now()),
  ('cl72a30f58f21c498baa1f6f', 'cla2a04269e78b46a88c3589', 'Neutra', '', '/var/www/omnivoice/audios/ref/6a127484792ec_1779594372.mp3', 'https://api.cvmnews.com.br/audios/ref/6a127484792ec_1779594372.mp3', '6a127484792ec_1779594372.mp3', '6a127484792ec_1779594372.mp3', '', '', 0, 0, true, now(), now()),
  ('cl23b0b48e9ece4937a8f454', 'cle14d5d0bd8cc42a5abae45', 'Neutra', '', '/var/www/omnivoice/audios/ref/6a127486141d5_1779594374.mp3', 'https://api.cvmnews.com.br/audios/ref/6a127486141d5_1779594374.mp3', '6a127486141d5_1779594374.mp3', '6a127486141d5_1779594374.mp3', '', '', 0, 0, true, now(), now()),
  ('cl253aab8db31d488e88802b', 'cl03034c8cc5824431847948', 'Neutra', '', '/var/www/omnivoice/audios/ref/6a12748865851_1779594376.mp3', 'https://api.cvmnews.com.br/audios/ref/6a12748865851_1779594376.mp3', '6a12748865851_1779594376.mp3', '6a12748865851_1779594376.mp3', '', '', 0, 0, true, now(), now()),
  ('cl73d336c04abd4836b0c901', 'cle8489386a2cf4f5ab44d8c', 'Neutra', '', '/var/www/omnivoice/audios/ref/6a12748a2897a_1779594378.mp3', 'https://api.cvmnews.com.br/audios/ref/6a12748a2897a_1779594378.mp3', '6a12748a2897a_1779594378.mp3', '6a12748a2897a_1779594378.mp3', '', '', 0, 0, true, now(), now()),
  ('cl796e8d89b9c44173813abf', 'cl5bd54fb39dff411086ff65', 'Neutra', '', '/var/www/omnivoice/audios/ref/6a12748c2cb39_1779594380.mp3', 'https://api.cvmnews.com.br/audios/ref/6a12748c2cb39_1779594380.mp3', '6a12748c2cb39_1779594380.mp3', '6a12748c2cb39_1779594380.mp3', '', '', 0, 0, true, now(), now()),
  ('cl33476d6c5cf0418793932a', 'cl5bc9c0784cfb4529a64072', 'Neutra', '', '/var/www/omnivoice/audios/ref/6a1275847e91a_1779594628.wav', 'https://api.cvmnews.com.br/audios/ref/6a1275847e91a_1779594628.wav', '6a1275847e91a_1779594628.wav', '6a1275847e91a_1779594628.wav', '', '', 0, 0, true, now(), now()),
  ('clfd1561c9fabe48629ea37f', 'cl6ccd26d9debf4e0a809645', 'Neutra', '', '/var/www/omnivoice/audios/ref/6a128b7b6ab32_1779600251.wav', 'https://api.cvmnews.com.br/audios/ref/6a128b7b6ab32_1779600251.wav', '6a128b7b6ab32_1779600251.wav', '6a128b7b6ab32_1779600251.wav', '', '', 0, 0, true, now(), now()),
  ('cld7c025a31273489592efe7', 'cl61de8ccaa59140a9bca79b', 'Neutra', '', '/var/www/omnivoice/audios/ref/6a14f2fc47a9c_1779757820.wav', 'https://api.cvmnews.com.br/audios/ref/6a14f2fc47a9c_1779757820.wav', '6a14f2fc47a9c_1779757820.wav', '6a14f2fc47a9c_1779757820.wav', '', '', 0, 0, true, now(), now()),
  ('clf7c6c28af56f4342a92948', 'cl79ed7351f0f44582bcd8a4', 'Neutra', '', '/var/www/omnivoice/audios/ref/6a14f344988bc_1779757892.mp3', 'https://api.cvmnews.com.br/audios/ref/6a14f344988bc_1779757892.mp3', '6a14f344988bc_1779757892.mp3', '6a14f344988bc_1779757892.mp3', '', '', 0, 0, true, now(), now()),
  ('cl172f77b578c541e3a2bc6a', 'cla7185cecc52e4a2f8eaa9c', 'Neutra', '', '/var/www/omnivoice/audios/ref/6a14f3958ac90_1779757973.mp3', 'https://api.cvmnews.com.br/audios/ref/6a14f3958ac90_1779757973.mp3', '6a14f3958ac90_1779757973.mp3', '6a14f3958ac90_1779757973.mp3', '', '', 0, 0, true, now(), now()),
  ('cle20a5fb283d1429ab49d74', 'cl91844a0527e24749975ddc', 'Neutra', '', '/var/www/omnivoice/audios/ref/6a15054e6118f_1779762510.ogg', 'https://api.cvmnews.com.br/audios/ref/6a15054e6118f_1779762510.ogg', '6a15054e6118f_1779762510.ogg', '6a15054e6118f_1779762510.ogg', '', '', 0, 0, true, now(), now()),
  ('cl2ef2f5f43aa64d42871ce0', 'cl66dfa9691c774ad1919e43', 'Neutra', '', '/var/www/omnivoice/audios/ref/6a15783a0d500_1779791930.mp3', 'https://api.cvmnews.com.br/audios/ref/6a15783a0d500_1779791930.mp3', '6a15783a0d500_1779791930.mp3', '6a15783a0d500_1779791930.mp3', '', '', 0, 0, true, now(), now()),
  ('cl6e02a42e664a41cc88bf8d', 'cl44ef8ed2d3f148ecae02c2', 'Neutra', '', '/var/www/omnivoice/audios/ref/6a15985335d48_1779800147.mp3', 'https://api.cvmnews.com.br/audios/ref/6a15985335d48_1779800147.mp3', '6a15985335d48_1779800147.mp3', '6a15985335d48_1779800147.mp3', '', '', 0, 0, true, now(), now()),
  ('clb207a5035e8d46bf8affad', 'cl9be5e04e0dba440b814c42', 'Neutra', '', '/var/www/omnivoice/audios/ref/6a159987c0f22_1779800455.wav', 'https://api.cvmnews.com.br/audios/ref/6a159987c0f22_1779800455.wav', '6a159987c0f22_1779800455.wav', '6a159987c0f22_1779800455.wav', '', '', 0, 0, true, now(), now()),
  ('cl07eb7cac5b784cc09f215c', 'cl6e04b7a1bb384214b08086', 'Neutra', '', '/var/www/omnivoice/audios/ref/6a15a3674b2ca_1779802983.wav', 'https://api.cvmnews.com.br/audios/ref/6a15a3674b2ca_1779802983.wav', '6a15a3674b2ca_1779802983.wav', '6a15a3674b2ca_1779802983.wav', '', '', 0, 0, true, now(), now()),
  ('cl3dea82f48ab242b88febd9', 'cl3401e82c8e2d45458a54a2', 'Neutra', '', '/var/www/omnivoice/audios/ref/6a15a36b530ea_1779802987.wav', 'https://api.cvmnews.com.br/audios/ref/6a15a36b530ea_1779802987.wav', '6a15a36b530ea_1779802987.wav', '6a15a36b530ea_1779802987.wav', '', '', 0, 0, true, now(), now()),
  ('cl097b727a00ad4dc295b59d', 'cl98b531db51dd4e2e9de4a8', 'Neutra', '', '/var/www/omnivoice/audios/ref/6a15f053d9eae_1779822675.ogg', 'https://api.cvmnews.com.br/audios/ref/6a15f053d9eae_1779822675.ogg', '6a15f053d9eae_1779822675.ogg', '6a15f053d9eae_1779822675.ogg', '', '', 0, 0, true, now(), now()),
  ('cl0f0ca852d5594f24bd1619', 'cla24c89e0b43d46c5986772', 'Neutra', '', '/var/www/omnivoice/audios/ref/6a15fb061017b_1779825414.ogg', 'https://api.cvmnews.com.br/audios/ref/6a15fb061017b_1779825414.ogg', '6a15fb061017b_1779825414.ogg', '6a15fb061017b_1779825414.ogg', '', '', 0, 0, true, now(), now()),
  ('cla8911217d2b84069ae37ca', 'cl9a8e6a6ee40f4dcbbe0ad5', 'Neutra', '', '/var/www/omnivoice/audios/ref/6a15fb7fc84f9_1779825535.ogg', 'https://api.cvmnews.com.br/audios/ref/6a15fb7fc84f9_1779825535.ogg', '6a15fb7fc84f9_1779825535.ogg', '6a15fb7fc84f9_1779825535.ogg', '', '', 0, 0, true, now(), now()),
  ('cl31786f9c512c40a2a22241', 'cl17909fd6fb864fe8bd0fa4', 'Neutra', '', '/var/www/omnivoice/audios/ref/6a1608c8cac1b_1779828936.ogg', 'https://api.cvmnews.com.br/audios/ref/6a1608c8cac1b_1779828936.ogg', '6a1608c8cac1b_1779828936.ogg', '6a1608c8cac1b_1779828936.ogg', '', '', 0, 0, true, now(), now()),
  ('cl8d3200b2ef2d47d08ae38d', 'clf599a3618d5b44bbb20afd', 'Neutra', '', '/var/www/omnivoice/audios/ref/6a1621303857e_1779835184.wav', 'https://api.cvmnews.com.br/audios/ref/6a1621303857e_1779835184.wav', '6a1621303857e_1779835184.wav', '6a1621303857e_1779835184.wav', '', '', 0, 0, true, now(), now()),
  ('cl6477836b253e458f851651', 'cl7567a412209a4f06be9acf', 'Neutra', '', '/var/www/omnivoice/audios/ref/6a16f8e891a16_1779890408.ogg', 'https://api.cvmnews.com.br/audios/ref/6a16f8e891a16_1779890408.ogg', '6a16f8e891a16_1779890408.ogg', '6a16f8e891a16_1779890408.ogg', '', '', 0, 0, true, now(), now()),
  ('clcf9dd2ec2fe64c4cbea881', 'cl9237482f29aa457da7eba2', 'Neutra', '', '/var/www/omnivoice/audios/ref/6a16fb200e3e7_1779890976.ogg', 'https://api.cvmnews.com.br/audios/ref/6a16fb200e3e7_1779890976.ogg', '6a16fb200e3e7_1779890976.ogg', '6a16fb200e3e7_1779890976.ogg', '', '', 0, 0, true, now(), now()),
  ('clac87f136ffb848d1ada645', 'cle9eef3d8efba409888e261', 'Neutra', '', '/var/www/omnivoice/audios/ref/6a16fc372252f_1779891255.ogg', 'https://api.cvmnews.com.br/audios/ref/6a16fc372252f_1779891255.ogg', '6a16fc372252f_1779891255.ogg', '6a16fc372252f_1779891255.ogg', '', '', 0, 0, true, now(), now()),
  ('cl3409a481ad4a4304a873e3', 'cl1100d3e05ddc4dd6a340e7', 'Neutra', '', '/var/www/omnivoice/audios/ref/6a179b4e3fc9d_1779931982.wav', 'https://api.cvmnews.com.br/audios/ref/6a179b4e3fc9d_1779931982.wav', '6a179b4e3fc9d_1779931982.wav', '6a179b4e3fc9d_1779931982.wav', '', '', 0, 0, true, now(), now()),
  ('cl7bd3ad13012749fa9a0b70', 'cl5e2a48cf72254880967ae5', 'Neutra', '', '/var/www/omnivoice/audios/ref/6a17b38581b33_1779938181.wav', 'https://api.cvmnews.com.br/audios/ref/6a17b38581b33_1779938181.wav', '6a17b38581b33_1779938181.wav', '6a17b38581b33_1779938181.wav', '', '', 0, 0, true, now(), now()),
  ('cl461bd73d841b442a8aaefe', 'cl0b4cb92594ee454babd99f', 'Neutra', '', '/var/www/omnivoice/audios/ref/6a17b4189f172_1779938328.wav', 'https://api.cvmnews.com.br/audios/ref/6a17b4189f172_1779938328.wav', '6a17b4189f172_1779938328.wav', '6a17b4189f172_1779938328.wav', '', '', 0, 0, true, now(), now()),
  ('clff8587e2c5c742ecb8a4ee', 'cl6aab6576ffc5404cbbffdd', 'Neutra', '', '/var/www/omnivoice/audios/ref/6a1825274a75e_1779967271.wav', 'https://api.cvmnews.com.br/audios/ref/6a1825274a75e_1779967271.wav', '6a1825274a75e_1779967271.wav', '6a1825274a75e_1779967271.wav', '', '', 0, 0, true, now(), now()),
  ('cl4d0f9a54947b4181a9f35d', 'cl74971868a1e84935a83898', 'Neutra', '', '/var/www/omnivoice/audios/ref/6a1825dc14e54_1779967452.wav', 'https://api.cvmnews.com.br/audios/ref/6a1825dc14e54_1779967452.wav', '6a1825dc14e54_1779967452.wav', '6a1825dc14e54_1779967452.wav', '', '', 0, 0, true, now(), now()),
  ('cle974b265d88944408e5f38', 'clca5d056b8576419fa29dc7', 'Neutra', '', '/var/www/omnivoice/audios/ref/6a18c4c25030a_1780008130.wav', 'https://api.cvmnews.com.br/audios/ref/6a18c4c25030a_1780008130.wav', '6a18c4c25030a_1780008130.wav', '6a18c4c25030a_1780008130.wav', '', '', 0, 0, true, now(), now()),
  ('cle710c30e5c744ed78c6150', 'cl1285c8d73d1942b5bd5d8c', 'Neutra', '', '/var/www/omnivoice/audios/ref/6a18c6ff7195d_1780008703.wav', 'https://api.cvmnews.com.br/audios/ref/6a18c6ff7195d_1780008703.wav', '6a18c6ff7195d_1780008703.wav', '6a18c6ff7195d_1780008703.wav', '', '', 0, 0, true, now(), now()),
  ('cl397b3ab40ee144678b0f88', 'cla5e40434ba3a4f8f997115', 'Neutra', '', '/var/www/omnivoice/audios/ref/6a18cb6f30dc9_1780009839.mp3', 'https://api.cvmnews.com.br/audios/ref/6a18cb6f30dc9_1780009839.mp3', '6a18cb6f30dc9_1780009839.mp3', '6a18cb6f30dc9_1780009839.mp3', '', '', 0, 0, true, now(), now()),
  ('cl684b1f234f704c0bb681d2', 'cla76c4b6598814b88a3fc51', 'Neutra', '', '/var/www/omnivoice/audios/ref/6a18cbda0e7ef_1780009946.mp3', 'https://api.cvmnews.com.br/audios/ref/6a18cbda0e7ef_1780009946.mp3', '6a18cbda0e7ef_1780009946.mp3', '6a18cbda0e7ef_1780009946.mp3', '', '', 0, 0, true, now(), now()),
  ('cle399d983b1de453e84be25', 'cl3b217444b01b41abb2bec4', 'Neutra', '', '/var/www/omnivoice/audios/ref/6a19d3054ca49_1780077317.ogg', 'https://api.cvmnews.com.br/audios/ref/6a19d3054ca49_1780077317.ogg', '6a19d3054ca49_1780077317.ogg', '6a19d3054ca49_1780077317.ogg', '', '', 0, 0, true, now(), now()),
  ('cl7322d6a8600940429425e7', 'cl19a533efb9ed468baa8fed', 'Neutra', '', '/var/www/omnivoice/audios/ref/6a19d31eb3da0_1780077342.ogg', 'https://api.cvmnews.com.br/audios/ref/6a19d31eb3da0_1780077342.ogg', '6a19d31eb3da0_1780077342.ogg', '6a19d31eb3da0_1780077342.ogg', '', '', 0, 0, true, now(), now()),
  ('cle6fa253f3ad141dd965614', 'cl6e14d5363bfa472688d483', 'Neutra', '', '/var/www/omnivoice/audios/ref/6a1a4d460f70b_1780108614.wav', 'https://api.cvmnews.com.br/audios/ref/6a1a4d460f70b_1780108614.wav', '6a1a4d460f70b_1780108614.wav', '6a1a4d460f70b_1780108614.wav', '', '', 0, 0, true, now(), now()),
  ('clb5b0938a7b41405fa587a9', 'cl22f4deafbc6a41dea26a10', 'Neutra', '', '/var/www/omnivoice/audios/ref/6a1ad9e3a2140_1780144611.wav', 'https://api.cvmnews.com.br/audios/ref/6a1ad9e3a2140_1780144611.wav', '6a1ad9e3a2140_1780144611.wav', '6a1ad9e3a2140_1780144611.wav', '', '', 0, 0, true, now(), now()),
  ('cl51ba02ec8d564a2089a1a1', 'clc2b8056e9fad4e19803903', 'Neutra', '', '/var/www/omnivoice/audios/ref/6a1adace79dd0_1780144846.wav', 'https://api.cvmnews.com.br/audios/ref/6a1adace79dd0_1780144846.wav', '6a1adace79dd0_1780144846.wav', '6a1adace79dd0_1780144846.wav', '', '', 0, 0, true, now(), now()),
  ('clc0047779a7224d828bacd6', 'clc2d9221f9a6d421c92e90f', 'Neutra', '', '/var/www/omnivoice/audios/ref/6a1b4d346fbf1_1780174132.mp3', 'https://api.cvmnews.com.br/audios/ref/6a1b4d346fbf1_1780174132.mp3', '6a1b4d346fbf1_1780174132.mp3', '6a1b4d346fbf1_1780174132.mp3', '', '', 0, 0, true, now(), now()),
  ('clfaf1d9bc0e6b4472b76a8e', 'cl54b426566a8248599151ef', 'Neutra', '', '/var/www/omnivoice/audios/ref/6a1b4f4d84226_1780174669.mp3', 'https://api.cvmnews.com.br/audios/ref/6a1b4f4d84226_1780174669.mp3', '6a1b4f4d84226_1780174669.mp3', '6a1b4f4d84226_1780174669.mp3', '', '', 0, 0, true, now(), now()),
  ('cl93e9f0d9961240308ca4d6', 'cl359cd0a7dd0a4a099e7dc4', 'Neutra', '', '/var/www/omnivoice/audios/ref/6a1ba3ef7ef7f_1780196335.mp3', 'https://api.cvmnews.com.br/audios/ref/6a1ba3ef7ef7f_1780196335.mp3', '6a1ba3ef7ef7f_1780196335.mp3', '6a1ba3ef7ef7f_1780196335.mp3', '', '', 0, 0, true, now(), now()),
  ('cl47bd9733b7f94f54a2b15a', 'cl2133563a704141f4bdee2b', 'Neutra', '', '/var/www/omnivoice/audios/ref/6a1ba472ef73a_1780196466.mp3', 'https://api.cvmnews.com.br/audios/ref/6a1ba472ef73a_1780196466.mp3', '6a1ba472ef73a_1780196466.mp3', '6a1ba472ef73a_1780196466.mp3', '', '', 0, 0, true, now(), now()),
  ('cl37ea5d569fb74f1082e824', 'clbe29db7bfad24fcdbf871e', 'Neutra', '', '/var/www/omnivoice/audios/ref/6a1ba4aa9d240_1780196522.mp3', 'https://api.cvmnews.com.br/audios/ref/6a1ba4aa9d240_1780196522.mp3', '6a1ba4aa9d240_1780196522.mp3', '6a1ba4aa9d240_1780196522.mp3', '', '', 0, 0, true, now(), now()),
  ('clbca132a2131a439db51c24', 'cl8bc4b98a46b740769201a3', 'Neutra', '', '/var/www/omnivoice/audios/ref/6a1ba4b918811_1780196537.mp3', 'https://api.cvmnews.com.br/audios/ref/6a1ba4b918811_1780196537.mp3', '6a1ba4b918811_1780196537.mp3', '6a1ba4b918811_1780196537.mp3', '', '', 0, 0, true, now(), now()),
  ('cl78c789ff3c214bd89decd2', 'clbb0d603d69814ace9a5d39', 'Neutra', '', '/var/www/omnivoice/audios/ref/6a1ba4d7dfe98_1780196567.mp3', 'https://api.cvmnews.com.br/audios/ref/6a1ba4d7dfe98_1780196567.mp3', '6a1ba4d7dfe98_1780196567.mp3', '6a1ba4d7dfe98_1780196567.mp3', '', '', 0, 0, true, now(), now()),
  ('cl2e487155fd8f4a8e8f22ee', 'clf71f5fc81f9f47889253a2', 'Neutra', '', '/var/www/omnivoice/audios/ref/6a1baecfb6254_1780199119.wav', 'https://api.cvmnews.com.br/audios/ref/6a1baecfb6254_1780199119.wav', '6a1baecfb6254_1780199119.wav', '6a1baecfb6254_1780199119.wav', '', '', 0, 0, true, now(), now()),
  ('clb82ff356aaf34b3b8adf61', 'cl4cbdeb8736754737a19e62', 'Neutra', '', '/var/www/omnivoice/audios/ref/6a1bbdf705fb4_1780202999.wav', 'https://api.cvmnews.com.br/audios/ref/6a1bbdf705fb4_1780202999.wav', '6a1bbdf705fb4_1780202999.wav', '6a1bbdf705fb4_1780202999.wav', '', '', 0, 0, true, now(), now()),
  ('clb11190d9adc043f5bb4098', 'cl5cacc0f0ffac435396b40b', 'Neutra', '', '/var/www/omnivoice/audios/ref/6a1bbf67c6782_1780203367.wav', 'https://api.cvmnews.com.br/audios/ref/6a1bbf67c6782_1780203367.wav', '6a1bbf67c6782_1780203367.wav', '6a1bbf67c6782_1780203367.wav', '', '', 0, 0, true, now(), now()),
  ('cl616c70f0d0b34f13807702', 'cl8befe8bbad1f426e809b60', 'Neutra', '', '/var/www/omnivoice/audios/ref/6a1bc65a420b0_1780205146.mp3', 'https://api.cvmnews.com.br/audios/ref/6a1bc65a420b0_1780205146.mp3', '6a1bc65a420b0_1780205146.mp3', '6a1bc65a420b0_1780205146.mp3', '', '', 0, 0, true, now(), now()),
  ('cl328d26b8363a4e2cb833cc', 'cl7e19f7b3f85644e794ef80', 'Neutra', '', '/var/www/omnivoice/audios/ref/6a1bcb22eb033_1780206370.mp3', 'https://api.cvmnews.com.br/audios/ref/6a1bcb22eb033_1780206370.mp3', '6a1bcb22eb033_1780206370.mp3', '6a1bcb22eb033_1780206370.mp3', '', '', 0, 0, true, now(), now()),
  ('cl3c157d9cd2d64fffaa1388', 'cl9dfc5cde4ac34661a711ac', 'Neutra', '', '/var/www/omnivoice/audios/ref/6a1bcc67a3d3a_1780206695.mp3', 'https://api.cvmnews.com.br/audios/ref/6a1bcc67a3d3a_1780206695.mp3', '6a1bcc67a3d3a_1780206695.mp3', '6a1bcc67a3d3a_1780206695.mp3', '', '', 0, 0, true, now(), now()),
  ('cl26e2370d8a444dc88164d9', 'clac4ff26113854a4dab15cc', 'Neutra', '', '/var/www/omnivoice/audios/ref/6a1bcc91d49ad_1780206737.mp3', 'https://api.cvmnews.com.br/audios/ref/6a1bcc91d49ad_1780206737.mp3', '6a1bcc91d49ad_1780206737.mp3', '6a1bcc91d49ad_1780206737.mp3', '', '', 0, 0, true, now(), now()),
  ('cl37b84cb226c64b3db9b05f', 'cl768838cef0464add9af6be', 'Neutra', '', '/var/www/omnivoice/audios/ref/6a1bcca91aa2c_1780206761.mp3', 'https://api.cvmnews.com.br/audios/ref/6a1bcca91aa2c_1780206761.mp3', '6a1bcca91aa2c_1780206761.mp3', '6a1bcca91aa2c_1780206761.mp3', '', '', 0, 0, true, now(), now()),
  ('cl92d2a4b7210b43fb9619fb', 'cla96fa03f2a7f4eab9434bc', 'Neutra', '', '/var/www/omnivoice/audios/ref/6a1bcce07c186_1780206816.mp3', 'https://api.cvmnews.com.br/audios/ref/6a1bcce07c186_1780206816.mp3', '6a1bcce07c186_1780206816.mp3', '6a1bcce07c186_1780206816.mp3', '', '', 0, 0, true, now(), now()),
  ('cl7d2db81090f2449bb07e9f', 'cl3d9525e9cbf441a5bca410', 'Neutra', '', '/var/www/omnivoice/audios/ref/6a1bcd165dec1_1780206870.mp3', 'https://api.cvmnews.com.br/audios/ref/6a1bcd165dec1_1780206870.mp3', '6a1bcd165dec1_1780206870.mp3', '6a1bcd165dec1_1780206870.mp3', '', '', 0, 0, true, now(), now()),
  ('cl4c01fc77d11b4f42a468e2', 'cl5862216fc5544811b1b37e', 'Neutra', '', '/var/www/omnivoice/audios/ref/6a1c30ddc9e3c_1780232413.mp3', 'https://api.cvmnews.com.br/audios/ref/6a1c30ddc9e3c_1780232413.mp3', '6a1c30ddc9e3c_1780232413.mp3', '6a1c30ddc9e3c_1780232413.mp3', '', '', 0, 0, true, now(), now()),
  ('clcc9d66819d814df8aad6fc', 'cl3815b21a50c14121a797c1', 'Neutra', '', '/var/www/omnivoice/audios/ref/6a1c32bb8066d_1780232891.mp3', 'https://api.cvmnews.com.br/audios/ref/6a1c32bb8066d_1780232891.mp3', '6a1c32bb8066d_1780232891.mp3', '6a1c32bb8066d_1780232891.mp3', '', '', 0, 0, true, now(), now()),
  ('cl7ffe647625544865b5a505', 'cl43c37ee05dbe4011bcc000', 'Neutra', '', '/var/www/omnivoice/audios/ref/6a1c34e093d6c_1780233440.wav', 'https://api.cvmnews.com.br/audios/ref/6a1c34e093d6c_1780233440.wav', '6a1c34e093d6c_1780233440.wav', '6a1c34e093d6c_1780233440.wav', '', '', 0, 0, true, now(), now()),
  ('clcd0f1c059a8d4b2eb9435b', 'cl4bccb5d3b02f4cdc938d7a', 'Neutra', '', '/var/www/omnivoice/audios/ref/6a1c3516924a6_1780233494.wav', 'https://api.cvmnews.com.br/audios/ref/6a1c3516924a6_1780233494.wav', '6a1c3516924a6_1780233494.wav', '6a1c3516924a6_1780233494.wav', '', '', 0, 0, true, now(), now()),
  ('cl4ed1d928fa384fa8ba9925', 'clc8206d71327d431695106f', 'Neutra', '', '/var/www/omnivoice/audios/ref/6a1c4b73cf827_1780239219.mp3', 'https://api.cvmnews.com.br/audios/ref/6a1c4b73cf827_1780239219.mp3', '6a1c4b73cf827_1780239219.mp3', '6a1c4b73cf827_1780239219.mp3', '', '', 0, 0, true, now(), now()),
  ('clae6bf533967d44d79c0f68', 'cle3e62ce23d4a49bb82041b', 'Neutra', '', '/var/www/omnivoice/audios/ref/6a1c4f1cc38a5_1780240156.mp3', 'https://api.cvmnews.com.br/audios/ref/6a1c4f1cc38a5_1780240156.mp3', '6a1c4f1cc38a5_1780240156.mp3', '6a1c4f1cc38a5_1780240156.mp3', '', '', 0, 0, true, now(), now()),
  ('cl5f939f500363433d93d370', 'cldcc7b907a2474a6a9edbd2', 'Neutra', '', '/var/www/omnivoice/audios/ref/6a1c8ce224ecc_1780255970.mp3', 'https://api.cvmnews.com.br/audios/ref/6a1c8ce224ecc_1780255970.mp3', '6a1c8ce224ecc_1780255970.mp3', '6a1c8ce224ecc_1780255970.mp3', '', '', 0, 0, true, now(), now()),
  ('cl142b1bd06f75470ab48436', 'clf774f332d2c14d399b2809', 'Neutra', '', '/var/www/omnivoice/audios/ref/6a1c8d7b1a0ac_1780256123.mp3', 'https://api.cvmnews.com.br/audios/ref/6a1c8d7b1a0ac_1780256123.mp3', '6a1c8d7b1a0ac_1780256123.mp3', '6a1c8d7b1a0ac_1780256123.mp3', '', '', 0, 0, true, now(), now()),
  ('cl99f7890448994fc6b80204', 'cl94ae5cb6c34448729ddac3', 'Neutra', '', '/var/www/omnivoice/audios/ref/6a1c8df87f9d5_1780256248.mp3', 'https://api.cvmnews.com.br/audios/ref/6a1c8df87f9d5_1780256248.mp3', '6a1c8df87f9d5_1780256248.mp3', '6a1c8df87f9d5_1780256248.mp3', '', '', 0, 0, true, now(), now()),
  ('cl6a9afd5eacb4479f92eed8', 'cl4f23315fb3c74017bee927', 'Neutra', '', '/var/www/omnivoice/audios/ref/6a1c8e5401f1d_1780256340.mp3', 'https://api.cvmnews.com.br/audios/ref/6a1c8e5401f1d_1780256340.mp3', '6a1c8e5401f1d_1780256340.mp3', '6a1c8e5401f1d_1780256340.mp3', '', '', 0, 0, true, now(), now()),
  ('cl8fde4867d5d54d7fbe5257', 'cl0cea2924c5474bd0a7a0be', 'Neutra', '', '/var/www/omnivoice/audios/ref/6a1c924d0a62f_1780257357.wav', 'https://api.cvmnews.com.br/audios/ref/6a1c924d0a62f_1780257357.wav', '6a1c924d0a62f_1780257357.wav', '6a1c924d0a62f_1780257357.wav', '', '', 0, 0, true, now(), now()),
  ('cl2e5041115f9f40138829b7', 'cl0439694dc5ac499b9deef5', 'Neutra', '', '/var/www/omnivoice/audios/ref/6a1c925fd8ce6_1780257375.wav', 'https://api.cvmnews.com.br/audios/ref/6a1c925fd8ce6_1780257375.wav', '6a1c925fd8ce6_1780257375.wav', '6a1c925fd8ce6_1780257375.wav', '', '', 0, 0, true, now(), now()),
  ('cl56483ac7c3b142c1b2a376', 'cl1e087ab83a304215a09593', 'Neutra', '', '/var/www/omnivoice/audios/ref/6a1c9d349b8bf_1780260148.wav', 'https://api.cvmnews.com.br/audios/ref/6a1c9d349b8bf_1780260148.wav', '6a1c9d349b8bf_1780260148.wav', '6a1c9d349b8bf_1780260148.wav', '', '', 0, 0, true, now(), now()),
  ('cl3713bd65fd0c4ffb90435e', 'clc694513152624167b74c3e', 'Neutra', '', '/var/www/omnivoice/audios/ref/6a1ccec07d1b5_1780272832.mp3', 'https://api.cvmnews.com.br/audios/ref/6a1ccec07d1b5_1780272832.mp3', '6a1ccec07d1b5_1780272832.mp3', '6a1ccec07d1b5_1780272832.mp3', '', '', 0, 0, true, now(), now()),
  ('cleeea13c18b614497a348d7', 'cl0bb622492b5b4b929fda6e', 'Neutra', '', '/var/www/omnivoice/audios/ref/6a1ccf9a75a9c_1780273050.mp3', 'https://api.cvmnews.com.br/audios/ref/6a1ccf9a75a9c_1780273050.mp3', '6a1ccf9a75a9c_1780273050.mp3', '6a1ccf9a75a9c_1780273050.mp3', '', '', 0, 0, true, now(), now()),
  ('cl77a7c9b3c7cc4e9689f2bb', 'clf3e979348c794eadb3c31d', 'Neutra', '', '/var/www/omnivoice/audios/ref/6a1d8e9e43281_1780321950.mp3', 'https://api.cvmnews.com.br/audios/ref/6a1d8e9e43281_1780321950.mp3', '6a1d8e9e43281_1780321950.mp3', '6a1d8e9e43281_1780321950.mp3', '', '', 0, 0, true, now(), now()),
  ('cl6b67e09cb96646f6a09f53', 'clf69547463b1345c8a5d6d5', 'Neutra', '', '/var/www/omnivoice/audios/ref/6a1d8ffb8a203_1780322299.mp3', 'https://api.cvmnews.com.br/audios/ref/6a1d8ffb8a203_1780322299.mp3', '6a1d8ffb8a203_1780322299.mp3', '6a1d8ffb8a203_1780322299.mp3', '', '', 0, 0, true, now(), now()),
  ('clf75150cdf8704474ba671c', 'cl8e4d394e848a4cb1ab384c', 'Neutra', '', '/var/www/omnivoice/audios/ref/6a1d9269ca5ca_1780322921.mp3', 'https://api.cvmnews.com.br/audios/ref/6a1d9269ca5ca_1780322921.mp3', '6a1d9269ca5ca_1780322921.mp3', '6a1d9269ca5ca_1780322921.mp3', '', '', 0, 0, true, now(), now()),
  ('cl9549efc9348742e2a2ecdb', 'cl3f163a57de2a42f8b4b84c', 'Neutra', '', '/var/www/omnivoice/audios/ref/6a1dbf648c14a_1780334436.mp3', 'https://api.cvmnews.com.br/audios/ref/6a1dbf648c14a_1780334436.mp3', '6a1dbf648c14a_1780334436.mp3', '6a1dbf648c14a_1780334436.mp3', '', '', 0, 0, true, now(), now()),
  ('cl06dbbeea782b47ddbaa47a', 'cl9dd029eac49c4053b1dee8', 'Neutra', '', '/var/www/omnivoice/audios/ref/6a1dc2dfb4430_1780335327.mp3', 'https://api.cvmnews.com.br/audios/ref/6a1dc2dfb4430_1780335327.mp3', '6a1dc2dfb4430_1780335327.mp3', '6a1dc2dfb4430_1780335327.mp3', '', '', 0, 0, true, now(), now()),
  ('claabf8960394a49108e0971', 'cl29c3105352f241eebb3925', 'Neutra', '', '/var/www/omnivoice/audios/ref/6a1de0e382c43_1780343011.mp3', 'https://api.cvmnews.com.br/audios/ref/6a1de0e382c43_1780343011.mp3', '6a1de0e382c43_1780343011.mp3', '6a1de0e382c43_1780343011.mp3', '', '', 0, 0, true, now(), now()),
  ('cl511b59cd2eef4569aca02d', 'cl4375df4fb2cf4186922073', 'Neutra', '', '/var/www/omnivoice/audios/ref/6a1de156af2bf_1780343126.mp3', 'https://api.cvmnews.com.br/audios/ref/6a1de156af2bf_1780343126.mp3', '6a1de156af2bf_1780343126.mp3', '6a1de156af2bf_1780343126.mp3', '', '', 0, 0, true, now(), now()),
  ('cldffb2573154e46d5a3cc98', 'cl163055f9878c4267b2127b', 'Neutra', '', '/var/www/omnivoice/audios/ref/6a1de1f18d1b9_1780343281.mp3', 'https://api.cvmnews.com.br/audios/ref/6a1de1f18d1b9_1780343281.mp3', '6a1de1f18d1b9_1780343281.mp3', '6a1de1f18d1b9_1780343281.mp3', '', '', 0, 0, true, now(), now()),
  ('cle208b5ae38bd4f5cb068ad', 'cl4660465f068c481b8ab4d7', 'Neutra', '', '/var/www/omnivoice/audios/ref/6a1de53238706_1780344114.mp3', 'https://api.cvmnews.com.br/audios/ref/6a1de53238706_1780344114.mp3', '6a1de53238706_1780344114.mp3', '6a1de53238706_1780344114.mp3', '', '', 0, 0, true, now(), now()),
  ('clc327150b3ed04f51b8871f', 'cl401b330204da47b1aa2cfa', 'Neutra', '', '/var/www/omnivoice/audios/ref/6a1de71e4d68c_1780344606.mp3', 'https://api.cvmnews.com.br/audios/ref/6a1de71e4d68c_1780344606.mp3', '6a1de71e4d68c_1780344606.mp3', '6a1de71e4d68c_1780344606.mp3', '', '', 0, 0, true, now(), now()),
  ('clf3702aed03f843c8a7206c', 'cl1539b629e4a7406f9dbd8e', 'Neutra', '', '/var/www/omnivoice/audios/ref/6a1de9d8eed74_1780345304.mp3', 'https://api.cvmnews.com.br/audios/ref/6a1de9d8eed74_1780345304.mp3', '6a1de9d8eed74_1780345304.mp3', '6a1de9d8eed74_1780345304.mp3', '', '', 0, 0, true, now(), now()),
  ('cleb7ef42ce8f14845a8dbd7', 'cl475422819bf346ebb78b8b', 'Neutra', '', '/var/www/omnivoice/audios/ref/6a1def01b3423_1780346625.mp3', 'https://api.cvmnews.com.br/audios/ref/6a1def01b3423_1780346625.mp3', '6a1def01b3423_1780346625.mp3', '6a1def01b3423_1780346625.mp3', '', '', 0, 0, true, now(), now()),
  ('cl94b7b7b74f294917af4bfd', 'cl81ab7b6bba72438f833f4e', 'Neutra', '', '/var/www/omnivoice/audios/ref/6a1e13c763482_1780356039.mp3', 'https://api.cvmnews.com.br/audios/ref/6a1e13c763482_1780356039.mp3', '6a1e13c763482_1780356039.mp3', '6a1e13c763482_1780356039.mp3', '', '', 0, 0, true, now(), now());

-- TRILHAS (625 trilhas)
INSERT INTO "Track" (id, name, description, emoji, category, "audioPath", duration, "order", active, "createdAt", "updatedAt") VALUES
  ('cl2b2331f5e778423e8d5e35', 'Trilha 1', '', '', 'custom', 'https://api.cvmnews.com.br/audios/track/69f552a4503a7_1777685156.mp3', 0, 0, true, now(), now()),
  ('cl78555eee4bb64a40909545', 'Trilha 2', '', '', 'custom', 'https://api.cvmnews.com.br/audios/track/69f552e973619_1777685225.mp3', 0, 1, true, now(), now()),
  ('clda24a2286f7e45ae9f4e70', 'Trilha 3', '', '', 'custom', 'https://api.cvmnews.com.br/audios/track/69f5536212469_1777685346.mp3', 0, 2, true, now(), now()),
  ('clba300469ac25428988b0f3', 'Trilha 4', '', '', 'custom', 'https://api.cvmnews.com.br/audios/track/69feb11f834a5_1778299167.mp3', 0, 3, true, now(), now()),
  ('cle8e00e1c9a8d4c03b745d8', 'Trilha 5', '', '', 'custom', 'https://api.cvmnews.com.br/audios/track/69feb120150d7_1778299168.mp3', 0, 4, true, now(), now()),
  ('cl708427f15c7f4d7c81ac3e', 'Trilha 6', '', '', 'custom', 'https://api.cvmnews.com.br/audios/track/69feb12694965_1778299174.mp3', 0, 5, true, now(), now()),
  ('clb408887fc6f2486fa3ee6e', 'Trilha 7', '', '', 'custom', 'https://api.cvmnews.com.br/audios/track/69feb126a0b3d_1778299174.mp3', 0, 6, true, now(), now()),
  ('clc7a4715793234e4dbe8d6a', 'Trilha 8', '', '', 'custom', 'https://api.cvmnews.com.br/audios/track/69feb12786e4d_1778299175.mp3', 0, 7, true, now(), now()),
  ('cl31ca7709026e4e8eadac94', 'Trilha 9', '', '', 'custom', 'https://api.cvmnews.com.br/audios/track/69feb12b44253_1778299179.mp3', 0, 8, true, now(), now()),
  ('cl76c10835d53d48fca13e03', 'Trilha 10', '', '', 'custom', 'https://api.cvmnews.com.br/audios/track/69feb12b896b6_1778299179.mp3', 0, 9, true, now(), now()),
  ('cl502db2981c4f4f05b0cfbe', 'Trilha 11', '', '', 'custom', 'https://api.cvmnews.com.br/audios/track/69feb12bac6e7_1778299179.mp3', 0, 10, true, now(), now()),
  ('cl5aa79df7c9124dd3aa27a5', 'Trilha 12', '', '', 'custom', 'https://api.cvmnews.com.br/audios/track/69feb12ea5859_1778299182.mp3', 0, 11, true, now(), now()),
  ('claebe4f98901e491bad7dfa', 'Trilha 13', '', '', 'custom', 'https://api.cvmnews.com.br/audios/track/69feb12f32ff0_1778299183.mp3', 0, 12, true, now(), now()),
  ('cl76c9c0f0ea884d5db88e70', 'Trilha 14', '', '', 'custom', 'https://api.cvmnews.com.br/audios/track/69feb12fdc12b_1778299183.mp3', 0, 13, true, now(), now()),
  ('cl0bd7c3efa6474247ba03b3', 'Trilha 15', '', '', 'custom', 'https://api.cvmnews.com.br/audios/track/69feb1337e72d_1778299187.mp3', 0, 14, true, now(), now()),
  ('cl70ab92cc992a4b7aa9991b', 'Trilha 16', '', '', 'custom', 'https://api.cvmnews.com.br/audios/track/69feb135deb4d_1778299189.mp3', 0, 15, true, now(), now()),
  ('cld718cefc10fe4b29a08c30', 'Trilha 17', '', '', 'custom', 'https://api.cvmnews.com.br/audios/track/69feb136f3fd4_1778299190.mp3', 0, 16, true, now(), now()),
  ('cl8925cbcda85b43d68323a8', 'Trilha 18', '', '', 'custom', 'https://api.cvmnews.com.br/audios/track/69feb138a1393_1778299192.mp3', 0, 17, true, now(), now()),
  ('clbe34f8e6b9c14d56a81bab', 'Trilha 19', '', '', 'custom', 'https://api.cvmnews.com.br/audios/track/69feb1392eed1_1778299193.mp3', 0, 18, true, now(), now()),
  ('cl22b7b028fad044948d9c65', 'Trilha 20', '', '', 'custom', 'https://api.cvmnews.com.br/audios/track/69feb13aead2e_1778299194.mp3', 0, 19, true, now(), now()),
  ('cl0fc00ab800154ed4acf738', 'Trilha 21', '', '', 'custom', 'https://api.cvmnews.com.br/audios/track/69feb13b996bd_1778299195.mp3', 0, 20, true, now(), now()),
  ('cl30969c41b62a4e5ab75aef', 'Trilha 22', '', '', 'custom', 'https://api.cvmnews.com.br/audios/track/69feb13d12871_1778299197.mp3', 0, 21, true, now(), now()),
  ('cl6960cb7eea6745fbaaabdf', 'Trilha 23', '', '', 'custom', 'https://api.cvmnews.com.br/audios/track/69feb13f52196_1778299199.mp3', 0, 22, true, now(), now()),
  ('clcac32729fee94b94ad403e', 'Trilha 24', '', '', 'custom', 'https://api.cvmnews.com.br/audios/track/69feb14077a1f_1778299200.mp3', 0, 23, true, now(), now()),
  ('cl3c90c54d57304ebeb1ca8b', 'Trilha 25', '', '', 'custom', 'https://api.cvmnews.com.br/audios/track/69feb141b1455_1778299201.mp3', 0, 24, true, now(), now()),
  ('cldb73bdc6af674678aea2ab', 'Trilha 26', '', '', 'custom', 'https://api.cvmnews.com.br/audios/track/69feb14301cd3_1778299203.mp3', 0, 25, true, now(), now()),
  ('cld369e986e6084efd81d3c6', 'Trilha 27', '', '', 'custom', 'https://api.cvmnews.com.br/audios/track/69feb6f0a9cfb_1778300656.mp3', 0, 26, true, now(), now()),
  ('cl31a95ba748494336a94efb', 'Trilha 28', '', '', 'custom', 'https://api.cvmnews.com.br/audios/track/69feb6f534887_1778300661.mp3', 0, 27, true, now(), now()),
  ('cldfa35b383dc243f8bb81ce', 'Trilha 29', '', '', 'custom', 'https://api.cvmnews.com.br/audios/track/69feb6fb1f7d5_1778300667.mp3', 0, 28, true, now(), now()),
  ('cl47d3caa31c7a4e828137aa', 'Trilha 30', '', '', 'custom', 'https://api.cvmnews.com.br/audios/track/69feb6ffe63b0_1778300671.mp3', 0, 29, true, now(), now()),
  ('clfa8f467234554914aa6a76', 'Trilha 31', '', '', 'custom', 'https://api.cvmnews.com.br/audios/track/69feb703c10d3_1778300675.mp3', 0, 30, true, now(), now()),
  ('clbefaef3eb0984e2da2eb08', 'Trilha 32', '', '', 'custom', 'https://api.cvmnews.com.br/audios/track/69feb707993bb_1778300679.mp3', 0, 31, true, now(), now()),
  ('cl66977bf5d16f4a4b97a027', 'Trilha 33', '', '', 'custom', 'https://api.cvmnews.com.br/audios/track/69feb70b8b8ff_1778300683.mp3', 0, 32, true, now(), now()),
  ('cl612bf9b1942241af9f6ed5', 'Trilha 34', '', '', 'custom', 'https://api.cvmnews.com.br/audios/track/69feb71011ca6_1778300688.mp3', 0, 33, true, now(), now()),
  ('cl438e868d21ea45c7a32502', 'Trilha 35', '', '', 'custom', 'https://api.cvmnews.com.br/audios/track/69feb713c91ce_1778300691.mp3', 0, 34, true, now(), now()),
  ('cl53de44979b52437c854a23', 'Trilha 36', '', '', 'custom', 'https://api.cvmnews.com.br/audios/track/69feb717d6044_1778300695.mp3', 0, 35, true, now(), now()),
  ('cl6d7ae757d76f46e39c2e06', 'Trilha 37', '', '', 'custom', 'https://api.cvmnews.com.br/audios/track/69feb71bdad18_1778300699.mp3', 0, 36, true, now(), now()),
  ('cl4a7f1e608d174829834ff5', 'Trilha 38', '', '', 'custom', 'https://api.cvmnews.com.br/audios/track/69feb72076f23_1778300704.mp3', 0, 37, true, now(), now()),
  ('cl39781160e7544a3db9dae3', 'Trilha 39', '', '', 'custom', 'https://api.cvmnews.com.br/audios/track/69feb72551012_1778300709.mp3', 0, 38, true, now(), now()),
  ('cl44f74f4f91d3401bb36ef4', 'Trilha 40', '', '', 'custom', 'https://api.cvmnews.com.br/audios/track/69feb72a09afa_1778300714.mp3', 0, 39, true, now(), now()),
  ('cl283caf116c71478383b549', 'Trilha 41', '', '', 'custom', 'https://api.cvmnews.com.br/audios/track/69feb72f8666d_1778300719.mp3', 0, 40, true, now(), now()),
  ('cl9fc956891ba9483e95bdeb', 'Trilha 42', '', '', 'custom', 'https://api.cvmnews.com.br/audios/track/69feb7342be98_1778300724.mp3', 0, 41, true, now(), now()),
  ('cl775f2a4534894ebdb28199', 'Trilha 43', '', '', 'custom', 'https://api.cvmnews.com.br/audios/track/69feb73944db9_1778300729.mp3', 0, 42, true, now(), now()),
  ('clc97c758e74b04e819d66cb', 'Trilha 44', '', '', 'custom', 'https://api.cvmnews.com.br/audios/track/69feb73e4cbc7_1778300734.mp3', 0, 43, true, now(), now()),
  ('cl26b67889d4f14e89babb2e', 'Trilha 45', '', '', 'custom', 'https://api.cvmnews.com.br/audios/track/69feb7438e431_1778300739.mp3', 0, 44, true, now(), now()),
  ('clc1b98fa2847f4c8e94190b', 'Trilha 46', '', '', 'custom', 'https://api.cvmnews.com.br/audios/track/69feb74893056_1778300744.mp3', 0, 45, true, now(), now()),
  ('cl774859c65fc3423bb651d9', 'Trilha 47', '', '', 'custom', 'https://api.cvmnews.com.br/audios/track/69feb74e4b74b_1778300750.mp3', 0, 46, true, now(), now()),
  ('cl1da67758de1c4dc9b27ad6', 'Trilha 48', '', '', 'custom', 'https://api.cvmnews.com.br/audios/track/69feb754897d3_1778300756.mp3', 0, 47, true, now(), now()),
  ('cl51e5d928ce184a14b999a1', 'Trilha 49', '', '', 'custom', 'https://api.cvmnews.com.br/audios/track/69feb7596fc59_1778300761.mp3', 0, 48, true, now(), now()),
  ('cl75193d5e19c04c438b6a53', 'Trilha 50', '', '', 'custom', 'https://api.cvmnews.com.br/audios/track/69feb75ea2149_1778300766.mp3', 0, 49, true, now(), now()),
  ('cl8f3092f7e6924da8934680', 'Trilha 51', '', '', 'custom', 'https://api.cvmnews.com.br/audios/track/69feb7648c787_1778300772.mp3', 0, 50, true, now(), now()),
  ('clb5442fb2534d43c1886826', 'Trilha 52', '', '', 'custom', 'https://api.cvmnews.com.br/audios/track/69feb7696cbde_1778300777.mp3', 0, 51, true, now(), now()),
  ('cl5981d93a46bd4ff7ac8289', 'Trilha 53', '', '', 'custom', 'https://api.cvmnews.com.br/audios/track/69feb76e689a7_1778300782.mp3', 0, 52, true, now(), now()),
  ('cld74fde12d7b846b48fe430', 'Trilha 54', '', '', 'custom', 'https://api.cvmnews.com.br/audios/track/69feb773aa399_1778300787.mp3', 0, 53, true, now(), now()),
  ('cl8e9fb720716c4c43b62412', 'Trilha 55', '', '', 'custom', 'https://api.cvmnews.com.br/audios/track/69feb7784e1c7_1778300792.mp3', 0, 54, true, now(), now()),
  ('cl4471333581b64e27ae3388', 'Trilha 56', '', '', 'custom', 'https://api.cvmnews.com.br/audios/track/69feb77da29b4_1778300797.mp3', 0, 55, true, now(), now()),
  ('cl75c45ba529be419fa6de37', 'Trilha 57', '', '', 'custom', 'https://api.cvmnews.com.br/audios/track/69feb7823c367_1778300802.mp3', 0, 56, true, now(), now()),
  ('cl83166cf4d0984d5abf5aa7', 'Trilha 58', '', '', 'custom', 'https://api.cvmnews.com.br/audios/track/69feb7911a28a_1778300817.mp3', 0, 57, true, now(), now()),
  ('cldfb60176ee3247e0967ed6', 'Trilha 59', '', '', 'custom', 'https://api.cvmnews.com.br/audios/track/69feb7a053ed4_1778300832.mp3', 0, 58, true, now(), now()),
  ('cl593f2ebafa9c44a08a0889', 'Trilha 60', '', '', 'custom', 'https://api.cvmnews.com.br/audios/track/69feb7a5a984c_1778300837.mp3', 0, 59, true, now(), now()),
  ('cl69798207b6cc42b3892cf1', 'Trilha 61', '', '', 'custom', 'https://api.cvmnews.com.br/audios/track/69feb7aa1f75a_1778300842.mp3', 0, 60, true, now(), now()),
  ('cl3ea5d74003c343738db05a', 'Trilha 62', '', '', 'custom', 'https://api.cvmnews.com.br/audios/track/69feb7b91f63e_1778300857.mp3', 0, 61, true, now(), now()),
  ('cla3aa4c7f131b497fa85687', 'Trilha 63', '', '', 'custom', 'https://api.cvmnews.com.br/audios/track/69feb7be28118_1778300862.mp3', 0, 62, true, now(), now()),
  ('cl21dfbdfe0c804d2d92cf8a', 'Trilha 64', '', '', 'custom', 'https://api.cvmnews.com.br/audios/track/69feb7c3440be_1778300867.mp3', 0, 63, true, now(), now()),
  ('cl1544a59006f74bdcb4328b', 'Trilha 65', '', '', 'custom', 'https://api.cvmnews.com.br/audios/track/69feb7c844dc3_1778300872.mp3', 0, 64, true, now(), now()),
  ('clcf5573be17344dfb85f7e9', 'Trilha 66', '', '', 'custom', 'https://api.cvmnews.com.br/audios/track/69feb7cd2807f_1778300877.mp3', 0, 65, true, now(), now()),
  ('cl5ce8b5c1137d47e08bc548', 'Trilha 67', '', '', 'custom', 'https://api.cvmnews.com.br/audios/track/69feb7d21a793_1778300882.mp3', 0, 66, true, now(), now()),
  ('cl332f5267730f402194d67f', 'Trilha 68', '', '', 'custom', 'https://api.cvmnews.com.br/audios/track/69feb7d5df75f_1778300885.mp3', 0, 67, true, now(), now()),
  ('clbf14b2259cdb42f8a87a50', 'Trilha 69', '', '', 'custom', 'https://api.cvmnews.com.br/audios/track/69feb7da32327_1778300890.mp3', 0, 68, true, now(), now()),
  ('cl48d249b3b7a44584a22e81', 'Trilha 70', '', '', 'custom', 'https://api.cvmnews.com.br/audios/track/69feb7ddee3d5_1778300893.mp3', 0, 69, true, now(), now()),
  ('cld0d01e26f4b442bebedce5', 'Trilha 71', '', '', 'custom', 'https://api.cvmnews.com.br/audios/track/69feb7e1d4b88_1778300897.mp3', 0, 70, true, now(), now()),
  ('cl9bc41a1dd6e64aecbaf57d', 'Trilha 72', '', '', 'custom', 'https://api.cvmnews.com.br/audios/track/69feb7e5ea80d_1778300901.mp3', 0, 71, true, now(), now()),
  ('cl08ab75ed62f3482e8d6b3f', 'Trilha 73', '', '', 'custom', 'https://api.cvmnews.com.br/audios/track/69feb8dc18860_1778301148.mp3', 0, 72, true, now(), now()),
  ('clacede5ef51424b979976aa', 'Trilha 74', '', '', 'custom', 'https://api.cvmnews.com.br/audios/track/69feb8e165f86_1778301153.mp3', 0, 73, true, now(), now()),
  ('cla0cf53411dc14d17bad66c', 'Trilha 75', '', '', 'custom', 'https://api.cvmnews.com.br/audios/track/69feb8ea61dab_1778301162.mp3', 0, 74, true, now(), now()),
  ('cld99cb69791fb435fbfff99', 'Trilha 76', '', '', 'custom', 'https://api.cvmnews.com.br/audios/track/69feb8eccf811_1778301164.mp3', 0, 75, true, now(), now()),
  ('cl7257bf8d2fe14a8a9b2395', 'Trilha 77', '', '', 'custom', 'https://api.cvmnews.com.br/audios/track/69feb8efef5bb_1778301167.mp3', 0, 76, true, now(), now()),
  ('cl6079a16ad4ba41639f8212', 'Trilha 78', '', '', 'custom', 'https://api.cvmnews.com.br/audios/track/69feb8f2e1152_1778301170.mp3', 0, 77, true, now(), now()),
  ('cleb9c7381ea574811bd478a', 'Trilha 79', '', '', 'custom', 'https://api.cvmnews.com.br/audios/track/69feb8f6465fa_1778301174.mp3', 0, 78, true, now(), now()),
  ('cl55eb66ffb78e4aa9b658bf', 'Trilha 80', '', '', 'custom', 'https://api.cvmnews.com.br/audios/track/69feb8f90890a_1778301177.mp3', 0, 79, true, now(), now()),
  ('cl0bce6fe6ec89463ba764fd', 'Trilha 81', '', '', 'custom', 'https://api.cvmnews.com.br/audios/track/69feb8fbaefa9_1778301179.mp3', 0, 80, true, now(), now()),
  ('cld2a60b88402848a58c84f5', 'Trilha 82', '', '', 'custom', 'https://api.cvmnews.com.br/audios/track/69feb8ff33547_1778301183.mp3', 0, 81, true, now(), now()),
  ('cl8fb9461d1e0943d5af7599', 'Trilha 83', '', '', 'custom', 'https://api.cvmnews.com.br/audios/track/69feb90271997_1778301186.mp3', 0, 82, true, now(), now()),
  ('cl95e9fd32d766451a83f1c8', 'Trilha 84', '', '', 'custom', 'https://api.cvmnews.com.br/audios/track/69feb904e0f25_1778301188.mp3', 0, 83, true, now(), now()),
  ('cl6d42e21c08bb4dc095a0ea', 'Trilha 85', '', '', 'custom', 'https://api.cvmnews.com.br/audios/track/69feb908ce51c_1778301192.mp3', 0, 84, true, now(), now()),
  ('cla6f6a3f7a8d84f1aa93b19', 'Trilha 86', '', '', 'custom', 'https://api.cvmnews.com.br/audios/track/69feb90c158cd_1778301196.mp3', 0, 85, true, now(), now()),
  ('cl08f80292864c4f0d8b8a0e', 'Trilha 87', '', '', 'custom', 'https://api.cvmnews.com.br/audios/track/69feb90f04fd7_1778301199.mp3', 0, 86, true, now(), now()),
  ('clf5277b68b9b3424599d6a6', 'Trilha 88', '', '', 'custom', 'https://api.cvmnews.com.br/audios/track/69feb91782e3c_1778301207.mp3', 0, 87, true, now(), now()),
  ('clb17690666ee940d29ce154', 'Trilha 89', '', '', 'custom', 'https://api.cvmnews.com.br/audios/track/69feb91b55558_1778301211.mp3', 0, 88, true, now(), now()),
  ('cl5ca6648c3f784970a7a2be', 'Trilha 90', '', '', 'custom', 'https://api.cvmnews.com.br/audios/track/69feb91ea6c3d_1778301214.mp3', 0, 89, true, now(), now()),
  ('cld0a53bd3cb39401cbd4415', 'Trilha 91', '', '', 'custom', 'https://api.cvmnews.com.br/audios/track/69feb9223ac72_1778301218.mp3', 0, 90, true, now(), now()),
  ('cl6eaec5ab36a8490ca63b3f', 'Trilha 92', '', '', 'custom', 'https://api.cvmnews.com.br/audios/track/69feb925eb551_1778301221.mp3', 0, 91, true, now(), now()),
  ('claa7a4e3477064014b0652e', 'Trilha 93', '', '', 'custom', 'https://api.cvmnews.com.br/audios/track/69feb929424f2_1778301225.mp3', 0, 92, true, now(), now()),
  ('cl048b7d534c484ec997c682', 'Trilha 94', '', '', 'custom', 'https://api.cvmnews.com.br/audios/track/69feb92d665e8_1778301229.mp3', 0, 93, true, now(), now()),
  ('cl7872af022b2e4af4b76e72', 'Trilha 95', '', '', 'custom', 'https://api.cvmnews.com.br/audios/track/69feb932afdb3_1778301234.mp3', 0, 94, true, now(), now()),
  ('cl31968da5e7ea44a0b11494', 'Trilha 96', '', '', 'custom', 'https://api.cvmnews.com.br/audios/track/69feb9374c549_1778301239.mp3', 0, 95, true, now(), now()),
  ('cld9963e1dc599417ebb7429', 'Trilha 97', '', '', 'custom', 'https://api.cvmnews.com.br/audios/track/69feb93f9f9df_1778301247.mp3', 0, 96, true, now(), now()),
  ('cl85120d064c7042679dc259', 'Trilha 98', '', '', 'custom', 'https://api.cvmnews.com.br/audios/track/69feb943aa775_1778301251.mp3', 0, 97, true, now(), now()),
  ('clacdb74aa27f34500ba73d3', 'Trilha 99', '', '', 'custom', 'https://api.cvmnews.com.br/audios/track/69feb94704ec9_1778301255.mp3', 0, 98, true, now(), now()),
  ('cl02834c9e4b0a4e76a2755f', 'Trilha 100', '', '', 'custom', 'https://api.cvmnews.com.br/audios/track/69feb94f4cd69_1778301263.mp3', 0, 99, true, now(), now()),
  ('cl05d5384b9e3b463fb04ed2', 'Trilha 101', '', '', 'custom', 'https://api.cvmnews.com.br/audios/track/69feb953a4f60_1778301267.mp3', 0, 100, true, now(), now()),
  ('cl6ddcff01bf23446aa89a87', 'Trilha 102', '', '', 'custom', 'https://api.cvmnews.com.br/audios/track/69feb95bef7d6_1778301275.mp3', 0, 101, true, now(), now()),
  ('cl73390070d0a3487a85a9f0', 'Trilha 103', '', '', 'custom', 'https://api.cvmnews.com.br/audios/track/69feb9642e26f_1778301284.mp3', 0, 102, true, now(), now()),
  ('claa8f8475bc8343238a80b5', 'Trilha 104', '', '', 'custom', 'https://api.cvmnews.com.br/audios/track/69feb96c8ad70_1778301292.mp3', 0, 103, true, now(), now()),
  ('clfcd0d2be92b74857bd174c', 'Trilha 105', '', '', 'custom', 'https://api.cvmnews.com.br/audios/track/69feb9704f7b5_1778301296.mp3', 0, 104, true, now(), now()),
  ('clbff55ffd9f714290afc661', 'Trilha 106', '', '', 'custom', 'https://api.cvmnews.com.br/audios/track/69feb9d2a3db1_1778301394.mp3', 0, 105, true, now(), now()),
  ('cl8bb3f4b944004962aaf431', 'Trilha 107', '', '', 'custom', 'https://api.cvmnews.com.br/audios/track/69feb9d626ada_1778301398.mp3', 0, 106, true, now(), now()),
  ('cld7f9b8b9ef4f433894440b', 'Trilha 108', '', '', 'custom', 'https://api.cvmnews.com.br/audios/track/69feb9ddb316b_1778301405.mp3', 0, 107, true, now(), now()),
  ('cl44c23640ed8a4b429a5f73', 'Trilha 109', '', '', 'custom', 'https://api.cvmnews.com.br/audios/track/69feb9ec09340_1778301420.mp3', 0, 108, true, now(), now()),
  ('cl4ec778ae06f14eba9ba8ae', 'Trilha 110', '', '', 'custom', 'https://api.cvmnews.com.br/audios/track/69feb9f105d32_1778301425.mp3', 0, 109, true, now(), now()),
  ('cl7c1b46d5b3a549359663f1', 'Trilha 111', '', '', 'custom', 'https://api.cvmnews.com.br/audios/track/69feb9f34581b_1778301427.mp3', 0, 110, true, now(), now()),
  ('clf67e2979827e4eb2b9185a', 'Trilha 112', '', '', 'custom', 'https://api.cvmnews.com.br/audios/track/69feba03d43da_1778301443.mp3', 0, 111, true, now(), now()),
  ('clc182e48efe8c4b3087a68c', 'Trilha 113', '', '', 'custom', 'https://api.cvmnews.com.br/audios/track/69feba140e6f1_1778301460.mp3', 0, 112, true, now(), now()),
  ('cl5db24f93136c4e45b0b3a8', 'Trilha 114', '', '', 'custom', 'https://api.cvmnews.com.br/audios/track/69feba23cf3df_1778301475.mp3', 0, 113, true, now(), now()),
  ('cl0ee08f8835ce479594bd5b', 'Trilha 115', '', '', 'custom', 'https://api.cvmnews.com.br/audios/track/69feba2fb7e97_1778301487.mp3', 0, 114, true, now(), now()),
  ('cl0345d57a1a4b4d1abc89c7', 'Trilha 116', '', '', 'custom', 'https://api.cvmnews.com.br/audios/track/69feba3f2c72d_1778301503.mp3', 0, 115, true, now(), now()),
  ('clcba71b0ee18440f58d5e73', 'Trilha 117', '', '', 'custom', 'https://api.cvmnews.com.br/audios/track/69feba445e4a4_1778301508.mp3', 0, 116, true, now(), now()),
  ('cld41ea78ade28434f818269', 'Trilha 118', '', '', 'custom', 'https://api.cvmnews.com.br/audios/track/69feba496ee8f_1778301513.mp3', 0, 117, true, now(), now()),
  ('clc205e2b6a5484116bcf084', 'Trilha 119', '', '', 'custom', 'https://api.cvmnews.com.br/audios/track/69feba5a4c1ad_1778301530.mp3', 0, 118, true, now(), now()),
  ('cl0d293a7083444169ade2f0', 'Trilha 120', '', '', 'custom', 'https://api.cvmnews.com.br/audios/track/69feba66b21a5_1778301542.mp3', 0, 119, true, now(), now()),
  ('cl42b86c9bf8664850b5aaee', 'Trilha 121', '', '', 'custom', 'https://api.cvmnews.com.br/audios/track/69feba7655cbc_1778301558.mp3', 0, 120, true, now(), now()),
  ('cl8c7032b92afd423e83e6f2', 'Trilha 122', '', '', 'custom', 'https://api.cvmnews.com.br/audios/track/69feba8456928_1778301572.mp3', 0, 121, true, now(), now()),
  ('cle7c93d8639bb4f778f3dba', 'Trilha 123', '', '', 'custom', 'https://api.cvmnews.com.br/audios/track/69feba93787de_1778301587.mp3', 0, 122, true, now(), now()),
  ('clab7f8b0e32d84447b3c84d', 'Trilha 124', '', '', 'custom', 'https://api.cvmnews.com.br/audios/track/69febaa219fe2_1778301602.mp3', 0, 123, true, now(), now()),
  ('cl180c372824ba4de7977ce1', 'Trilha 125', '', '', 'custom', 'https://api.cvmnews.com.br/audios/track/69febaa745712_1778301607.mp3', 0, 124, true, now(), now()),
  ('clcfd272f519b047c780fd79', 'Trilha 126', '', '', 'custom', 'https://api.cvmnews.com.br/audios/track/69febab707fae_1778301623.mp3', 0, 125, true, now(), now()),
  ('cl52a807c9f3e64f53ad72eb', 'Trilha 127', '', '', 'custom', 'https://api.cvmnews.com.br/audios/track/69febac676920_1778301638.mp3', 0, 126, true, now(), now()),
  ('clc2e1fbb095334c7e95c022', 'Trilha 128', '', '', 'custom', 'https://api.cvmnews.com.br/audios/track/69febad5b5c95_1778301653.mp3', 0, 127, true, now(), now()),
  ('clbd6e079ad88b4029b67e09', 'Trilha 129', '', '', 'custom', 'https://api.cvmnews.com.br/audios/track/69febae92defe_1778301673.mp3', 0, 128, true, now(), now()),
  ('cl96e05df2c86b48709dff89', 'Trilha 130', '', '', 'custom', 'https://api.cvmnews.com.br/audios/track/69febb0471c94_1778301700.mp3', 0, 129, true, now(), now()),
  ('cl5656fdb6211a46d48e163c', 'Trilha 131', '', '', 'custom', 'https://api.cvmnews.com.br/audios/track/69febb1324904_1778301715.mp3', 0, 130, true, now(), now()),
  ('cl1b6fc3ad933e4278b96e9c', 'Trilha 132', '', '', 'custom', 'https://api.cvmnews.com.br/audios/track/69febb223e689_1778301730.mp3', 0, 131, true, now(), now()),
  ('cld7862eea80d34ff68c8b64', 'Trilha 133', '', '', 'custom', 'https://api.cvmnews.com.br/audios/track/69febb31cedb6_1778301745.mp3', 0, 132, true, now(), now()),
  ('cl9c34728fa13f464c9f1e65', 'Trilha 134', '', '', 'custom', 'https://api.cvmnews.com.br/audios/track/69febb40b23cd_1778301760.mp3', 0, 133, true, now(), now()),
  ('cl52956b3a8f8b41a49c7c1e', 'Trilha 135', '', '', 'custom', 'https://api.cvmnews.com.br/audios/track/69febb4f9bb04_1778301775.mp3', 0, 134, true, now(), now()),
  ('clc5d7334235004e70bfc25a', 'Trilha 136', '', '', 'custom', 'https://api.cvmnews.com.br/audios/track/69febb5f2a4c7_1778301791.mp3', 0, 135, true, now(), now()),
  ('clef883dba86054f31be9396', 'Trilha 137', '', '', 'custom', 'https://api.cvmnews.com.br/audios/track/69febb7001c0a_1778301808.mp3', 0, 136, true, now(), now()),
  ('cl2706867def2c44c7b8f14a', 'Trilha 138', '', '', 'custom', 'https://api.cvmnews.com.br/audios/track/69febb7abce94_1778301818.mp3', 0, 137, true, now(), now()),
  ('cl79a0d52a74ab4800a6dfdf', 'Trilha 139', '', '', 'custom', 'https://api.cvmnews.com.br/audios/track/69febb889d076_1778301832.mp3', 0, 138, true, now(), now()),
  ('cl10c8fe76e6f740b3a213e5', 'Trilha 140', '', '', 'custom', 'https://api.cvmnews.com.br/audios/track/69febb8d3d59b_1778301837.mp3', 0, 139, true, now(), now()),
  ('cl0ffca87990f9498ca3a50b', 'Trilha 141', '', '', 'custom', 'https://api.cvmnews.com.br/audios/track/69febb9264f08_1778301842.mp3', 0, 140, true, now(), now()),
  ('clb3d03075364f43dd8e3982', 'Trilha 142', '', '', 'custom', 'https://api.cvmnews.com.br/audios/track/69febb9fa7dbb_1778301855.mp3', 0, 141, true, now(), now()),
  ('cl6fa021e064fb460396cb02', 'Trilha 143', '', '', 'custom', 'https://api.cvmnews.com.br/audios/track/69febbacdf6ff_1778301868.mp3', 0, 142, true, now(), now()),
  ('clce299379672141d4b74b8d', 'Trilha 144', '', '', 'custom', 'https://api.cvmnews.com.br/audios/track/69febbb8c16bd_1778301880.mp3', 0, 143, true, now(), now()),
  ('cla83cc765a59c4a7db05868', 'Trilha 145', '', '', 'custom', 'https://api.cvmnews.com.br/audios/track/69febcc12d149_1778302145.mp3', 0, 144, true, now(), now()),
  ('cl3e690a94af414a92b86a79', 'Trilha 146', '', '', 'custom', 'https://api.cvmnews.com.br/audios/track/69febcc4eb326_1778302148.mp3', 0, 145, true, now(), now()),
  ('cl09617aa3056b4eae88922a', 'Trilha 147', '', '', 'custom', 'https://api.cvmnews.com.br/audios/track/69febcc7ec6f0_1778302151.mp3', 0, 146, true, now(), now()),
  ('cld5e6fde9f9084509ad25cb', 'Trilha 148', '', '', 'custom', 'https://api.cvmnews.com.br/audios/track/69febccb36721_1778302155.mp3', 0, 147, true, now(), now()),
  ('cl616e8fd4d4054637880b7f', 'Trilha 149', '', '', 'custom', 'https://api.cvmnews.com.br/audios/track/69febcd344ec6_1778302163.mp3', 0, 148, true, now(), now()),
  ('clf2cc2bd871ce450e849ac5', 'Trilha 150', '', '', 'custom', 'https://api.cvmnews.com.br/audios/track/69febcdb6d34e_1778302171.mp3', 0, 149, true, now(), now()),
  ('cl079c82f1936647aeaf5a90', 'Trilha 151', '', '', 'custom', 'https://api.cvmnews.com.br/audios/track/69febce334b31_1778302179.mp3', 0, 150, true, now(), now()),
  ('cle689196c8ec7470b89b2ea', 'Trilha 152', '', '', 'custom', 'https://api.cvmnews.com.br/audios/track/69febd5b8043c_1778302299.mp3', 0, 151, true, now(), now()),
  ('cl6509eeb9374341a99cb112', 'Trilha 153', '', '', 'custom', 'https://api.cvmnews.com.br/audios/track/69febd5e3cac5_1778302302.mp3', 0, 152, true, now(), now()),
  ('cl5426d76577a14328bc5ac7', 'Trilha 154', '', '', 'custom', 'https://api.cvmnews.com.br/audios/track/69febd60ad614_1778302304.mp3', 0, 153, true, now(), now()),
  ('cl44b208e04246463c934cd8', 'Trilha 155', '', '', 'custom', 'https://api.cvmnews.com.br/audios/track/69febd6306010_1778302307.mp3', 0, 154, true, now(), now()),
  ('cl064591fbe93c40b6b6e62d', 'Trilha 156', '', '', 'custom', 'https://api.cvmnews.com.br/audios/track/69febd65704df_1778302309.mp3', 0, 155, true, now(), now()),
  ('cl9876422491b14fd5b4a1fe', 'Trilha 157', '', '', 'custom', 'https://api.cvmnews.com.br/audios/track/69febd67cd69d_1778302311.mp3', 0, 156, true, now(), now()),
  ('cl1d9117ca3dc24f1db896e1', 'Trilha 158', '', '', 'custom', 'https://api.cvmnews.com.br/audios/track/69febd6a57777_1778302314.mp3', 0, 157, true, now(), now()),
  ('cl07d18e040737400a90e8be', 'Trilha 159', '', '', 'custom', 'https://api.cvmnews.com.br/audios/track/69febd6cce169_1778302316.mp3', 0, 158, true, now(), now()),
  ('clf6e78252683d412a8733c8', 'Trilha 160', '', '', 'custom', 'https://api.cvmnews.com.br/audios/track/69febd6f78a23_1778302319.mp3', 0, 159, true, now(), now()),
  ('cl736bb05106bd4b2db7e93d', 'Trilha 161', '', '', 'custom', 'https://api.cvmnews.com.br/audios/track/69febd7247c51_1778302322.mp3', 0, 160, true, now(), now()),
  ('cl3cdd9e09f7f9485fa465c2', 'Trilha 162', '', '', 'custom', 'https://api.cvmnews.com.br/audios/track/69febd75447bf_1778302325.mp3', 0, 161, true, now(), now()),
  ('cl9b6988e37b3e4970af7317', 'Trilha 163', '', '', 'custom', 'https://api.cvmnews.com.br/audios/track/69febd781cc3a_1778302328.mp3', 0, 162, true, now(), now()),
  ('cl66a0a40303d24d54a813a1', 'Trilha 164', '', '', 'custom', 'https://api.cvmnews.com.br/audios/track/69febd7b48e92_1778302331.mp3', 0, 163, true, now(), now()),
  ('cl2154b2fd86ca494d9a5b6a', 'Trilha 165', '', '', 'custom', 'https://api.cvmnews.com.br/audios/track/69febd7e62067_1778302334.mp3', 0, 164, true, now(), now()),
  ('cl432968845a984c6bbb6dc3', 'Trilha 166', '', '', 'custom', 'https://api.cvmnews.com.br/audios/track/69febd815af67_1778302337.mp3', 0, 165, true, now(), now()),
  ('cl9f5b764e66684b5287fc4c', 'Trilha 167', '', '', 'custom', 'https://api.cvmnews.com.br/audios/track/69febd84b7216_1778302340.mp3', 0, 166, true, now(), now()),
  ('cl99b1541cdc1448359cf956', 'Trilha 168', '', '', 'custom', 'https://api.cvmnews.com.br/audios/track/69febd873eeb8_1778302343.mp3', 0, 167, true, now(), now()),
  ('cl4c05732a94c54d419c7361', 'Trilha 169', '', '', 'custom', 'https://api.cvmnews.com.br/audios/track/69febd8a3f7b3_1778302346.mp3', 0, 168, true, now(), now()),
  ('clf5382610c2cf4164a4f441', 'Trilha 170', '', '', 'custom', 'https://api.cvmnews.com.br/audios/track/69febd8d677c0_1778302349.mp3', 0, 169, true, now(), now()),
  ('cl4aabfd1ba5924da1a82a4a', 'Trilha 171', '', '', 'custom', 'https://api.cvmnews.com.br/audios/track/69febd9000770_1778302352.mp3', 0, 170, true, now(), now()),
  ('clefcf09359e5349bd8ea8f5', 'Trilha 172', '', '', 'custom', 'https://api.cvmnews.com.br/audios/track/69febd930ad8e_1778302355.mp3', 0, 171, true, now(), now()),
  ('cla228a3bb3ed34c7894c70d', 'Trilha 173', '', '', 'custom', 'https://api.cvmnews.com.br/audios/track/69febd9648371_1778302358.mp3', 0, 172, true, now(), now()),
  ('cl7835cb0f741a48858f8bd7', 'Trilha 174', '', '', 'custom', 'https://api.cvmnews.com.br/audios/track/69febd992062c_1778302361.mp3', 0, 173, true, now(), now()),
  ('cld65088cc6b454de8aa6a7d', 'Trilha 175', '', '', 'custom', 'https://api.cvmnews.com.br/audios/track/69febd9c4586d_1778302364.mp3', 0, 174, true, now(), now()),
  ('cl6af675b8d3524573a5a80e', 'Trilha 176', '', '', 'custom', 'https://api.cvmnews.com.br/audios/track/69febda0c057f_1778302368.mp3', 0, 175, true, now(), now()),
  ('clf02cc71af9df44249083e0', 'Trilha 177', '', '', 'custom', 'https://api.cvmnews.com.br/audios/track/69febda3953d5_1778302371.mp3', 0, 176, true, now(), now()),
  ('cla9a2c71b49604926be6696', 'Trilha 178', '', '', 'custom', 'https://api.cvmnews.com.br/audios/track/69febda664d13_1778302374.mp3', 0, 177, true, now(), now()),
  ('cl7fdcc31cb87742258766be', 'Trilha 179', '', '', 'custom', 'https://api.cvmnews.com.br/audios/track/69febda94e4cc_1778302377.mp3', 0, 178, true, now(), now()),
  ('clc3f4329cbb254a779a79d5', 'Trilha 180', '', '', 'custom', 'https://api.cvmnews.com.br/audios/track/69febdac8cf76_1778302380.mp3', 0, 179, true, now(), now()),
  ('cl882eeaed7c2247f093212e', 'Trilha 181', '', '', 'custom', 'https://api.cvmnews.com.br/audios/track/69febdaf8a450_1778302383.mp3', 0, 180, true, now(), now()),
  ('cl16bfdca41c1b4661847aa4', 'Trilha 182', '', '', 'custom', 'https://api.cvmnews.com.br/audios/track/69febdb284d11_1778302386.mp3', 0, 181, true, now(), now()),
  ('cl81a211d5f5b745e090aef5', 'Trilha 183', '', '', 'custom', 'https://api.cvmnews.com.br/audios/track/69febdb57f08b_1778302389.mp3', 0, 182, true, now(), now()),
  ('cl5aa1788f9dfb4046818ae8', 'Trilha 184', '', '', 'custom', 'https://api.cvmnews.com.br/audios/track/69febdb844ec3_1778302392.mp3', 0, 183, true, now(), now()),
  ('cl06a25a317b92491b9cc234', 'Trilha 185', '', '', 'custom', 'https://api.cvmnews.com.br/audios/track/69febdbb6bc35_1778302395.mp3', 0, 184, true, now(), now()),
  ('clf6ced5c4d0ca4a77a904f1', 'Trilha 186', '', '', 'custom', 'https://api.cvmnews.com.br/audios/track/69febdbe8802e_1778302398.mp3', 0, 185, true, now(), now()),
  ('clcd90c25d0ca14413a8d657', 'Trilha 187', '', '', 'custom', 'https://api.cvmnews.com.br/audios/track/69febdc164266_1778302401.mp3', 0, 186, true, now(), now()),
  ('cl27cba20424694703adcfe5', 'Trilha 188', '', '', 'custom', 'https://api.cvmnews.com.br/audios/track/69febdc4444e9_1778302404.mp3', 0, 187, true, now(), now()),
  ('cl57128f63f8564ffa943639', 'Trilha 189', '', '', 'custom', 'https://api.cvmnews.com.br/audios/track/69febdc75f32d_1778302407.mp3', 0, 188, true, now(), now()),
  ('clb4093ac514c942dc9496ff', 'Trilha 190', '', '', 'custom', 'https://api.cvmnews.com.br/audios/track/69febdca59d73_1778302410.mp3', 0, 189, true, now(), now()),
  ('cl0576c35d9018413489726d', 'Trilha 191', '', '', 'custom', 'https://api.cvmnews.com.br/audios/track/69febdcd47d81_1778302413.mp3', 0, 190, true, now(), now()),
  ('cl050d04520f5a49e89e8d07', 'Trilha 192', '', '', 'custom', 'https://api.cvmnews.com.br/audios/track/69febdd040ad6_1778302416.mp3', 0, 191, true, now(), now()),
  ('cl8f68c900917d4904ac2fed', 'Trilha 193', '', '', 'custom', 'https://api.cvmnews.com.br/audios/track/69febdd34aca2_1778302419.mp3', 0, 192, true, now(), now()),
  ('clb1910e4afee245b3bc7c09', 'Trilha 194', '', '', 'custom', 'https://api.cvmnews.com.br/audios/track/69febdd664a2c_1778302422.mp3', 0, 193, true, now(), now()),
  ('clfc64c5d629364f109d7588', 'Trilha 195', '', '', 'custom', 'https://api.cvmnews.com.br/audios/track/69febdd95cb27_1778302425.mp3', 0, 194, true, now(), now()),
  ('cle77bbff061c34f18a0b106', 'Trilha 196', '', '', 'custom', 'https://api.cvmnews.com.br/audios/track/69febddc6819c_1778302428.mp3', 0, 195, true, now(), now()),
  ('cla29c5023999f4cc79eea84', 'Trilha 197', '', '', 'custom', 'https://api.cvmnews.com.br/audios/track/69febddf69a6e_1778302431.mp3', 0, 196, true, now(), now()),
  ('claeac23bf37d2464c912e94', 'Trilha 198', '', '', 'custom', 'https://api.cvmnews.com.br/audios/track/69febde28eed7_1778302434.mp3', 0, 197, true, now(), now()),
  ('cl78d1e445154b46ada27d70', 'Trilha 199', '', '', 'custom', 'https://api.cvmnews.com.br/audios/track/69febde567493_1778302437.mp3', 0, 198, true, now(), now()),
  ('cl060ba93cb8d14f7fad33bb', 'Trilha 200', '', '', 'custom', 'https://api.cvmnews.com.br/audios/track/69febde89a610_1778302440.mp3', 0, 199, true, now(), now()),
  ('cl2c6cadae3c24463d9ee091', 'Trilha 201', '', '', 'custom', 'https://api.cvmnews.com.br/audios/track/69febdeb7ee89_1778302443.mp3', 0, 200, true, now(), now()),
  ('cl4fc2d265a3084930b114cc', 'Trilha 202', '', '', 'custom', 'https://api.cvmnews.com.br/audios/track/69febdee616b4_1778302446.mp3', 0, 201, true, now(), now()),
  ('cl39d529bb66f64df9bfa5ee', 'Trilha 203', '', '', 'custom', 'https://api.cvmnews.com.br/audios/track/69febdf161fee_1778302449.mp3', 0, 202, true, now(), now()),
  ('clfc4d0a6b1b1846bab08848', 'Trilha 204', '', '', 'custom', 'https://api.cvmnews.com.br/audios/track/69febdf470c8a_1778302452.mp3', 0, 203, true, now(), now()),
  ('cl19fbd1ea17804a9ab5b467', 'Trilha 205', '', '', 'custom', 'https://api.cvmnews.com.br/audios/track/69febdf748b47_1778302455.mp3', 0, 204, true, now(), now()),
  ('clf107cc632ed8481eb438a0', 'Trilha 206', '', '', 'custom', 'https://api.cvmnews.com.br/audios/track/69febdfa458e7_1778302458.mp3', 0, 205, true, now(), now()),
  ('cl76999831b3b04fadb406ea', 'Trilha 207', '', '', 'custom', 'https://api.cvmnews.com.br/audios/track/69febdfd6757f_1778302461.mp3', 0, 206, true, now(), now()),
  ('clec2b7cf90ada403fa62054', 'Trilha 208', '', '', 'custom', 'https://api.cvmnews.com.br/audios/track/69febe0078eed_1778302464.mp3', 0, 207, true, now(), now()),
  ('clb57db806cb104c2293ba21', 'Trilha 209', '', '', 'custom', 'https://api.cvmnews.com.br/audios/track/69febe035ccb3_1778302467.mp3', 0, 208, true, now(), now()),
  ('cl33dc22ae4c874890bc0873', 'Trilha 210', '', '', 'custom', 'https://api.cvmnews.com.br/audios/track/69febe065d4fe_1778302470.mp3', 0, 209, true, now(), now()),
  ('cl6be641e461f747a8b86daa', 'Trilha 211', '', '', 'custom', 'https://api.cvmnews.com.br/audios/track/69febe0942689_1778302473.mp3', 0, 210, true, now(), now()),
  ('cl1b38371ea67843b2876694', 'Trilha 212', '', '', 'custom', 'https://api.cvmnews.com.br/audios/track/69febe0c41dc3_1778302476.mp3', 0, 211, true, now(), now()),
  ('clbbf81c814afb40a89ca758', 'Trilha 213', '', '', 'custom', 'https://api.cvmnews.com.br/audios/track/69febe0f3fdd0_1778302479.mp3', 0, 212, true, now(), now()),
  ('cl6842c4c0c2d34b918bd42b', 'Trilha 214', '', '', 'custom', 'https://api.cvmnews.com.br/audios/track/69febe125ab46_1778302482.mp3', 0, 213, true, now(), now()),
  ('cl014dac70462d419f90c27a', 'Trilha 215', '', '', 'custom', 'https://api.cvmnews.com.br/audios/track/69febe1692a5c_1778302486.mp3', 0, 214, true, now(), now()),
  ('cl46e517449b2d4309a00cff', 'Trilha 216', '', '', 'custom', 'https://api.cvmnews.com.br/audios/track/69febe1938b68_1778302489.mp3', 0, 215, true, now(), now()),
  ('clea37cf3dfc9246aeb9998a', 'Trilha 217', '', '', 'custom', 'https://api.cvmnews.com.br/audios/track/69febe1c4fa01_1778302492.mp3', 0, 216, true, now(), now()),
  ('cld075891f90764cd4abaee3', 'Trilha 218', '', '', 'custom', 'https://api.cvmnews.com.br/audios/track/69febe1f32ebf_1778302495.mp3', 0, 217, true, now(), now()),
  ('cl5c8f1e782a2a4028819b2c', 'Trilha 219', '', '', 'custom', 'https://api.cvmnews.com.br/audios/track/69febe221351b_1778302498.mp3', 0, 218, true, now(), now()),
  ('cl2518766e7e8543e082d9f3', 'Trilha 220', '', '', 'custom', 'https://api.cvmnews.com.br/audios/track/69febe2516a5d_1778302501.mp3', 0, 219, true, now(), now()),
  ('cl9876d740f0154c339701ab', 'Trilha 221', '', '', 'custom', 'https://api.cvmnews.com.br/audios/track/69febe285d472_1778302504.mp3', 0, 220, true, now(), now()),
  ('cl0048c4eca9654a798ba6b4', 'Trilha 222', '', '', 'custom', 'https://api.cvmnews.com.br/audios/track/69febe2b520a8_1778302507.mp3', 0, 221, true, now(), now()),
  ('clafd11ef2f159456eb77fb9', 'Trilha 223', '', '', 'custom', 'https://api.cvmnews.com.br/audios/track/69febe2e36f35_1778302510.mp3', 0, 222, true, now(), now()),
  ('clf441582438074a8a9ba25b', 'Trilha 224', '', '', 'custom', 'https://api.cvmnews.com.br/audios/track/69febe321aee7_1778302514.mp3', 0, 223, true, now(), now()),
  ('cl5a2f0929b0f1487fb4507d', 'Trilha 225', '', '', 'custom', 'https://api.cvmnews.com.br/audios/track/69febe3585ddc_1778302517.mp3', 0, 224, true, now(), now()),
  ('cl931db962a5244566bfb9fe', 'Trilha 226', '', '', 'custom', 'https://api.cvmnews.com.br/audios/track/69febe3857f9f_1778302520.mp3', 0, 225, true, now(), now()),
  ('cl468de6a284024e508b0400', 'Trilha 227', '', '', 'custom', 'https://api.cvmnews.com.br/audios/track/69febe3b585d2_1778302523.mp3', 0, 226, true, now(), now()),
  ('clca91da2512e24661a765cc', 'Trilha 228', '', '', 'custom', 'https://api.cvmnews.com.br/audios/track/69febe3e3c92c_1778302526.mp3', 0, 227, true, now(), now()),
  ('clde9cf58fab344b8794b614', 'Trilha 229', '', '', 'custom', 'https://api.cvmnews.com.br/audios/track/69febe411c1ca_1778302529.mp3', 0, 228, true, now(), now()),
  ('cl3b84202dd5644fc786688e', 'Trilha 230', '', '', 'custom', 'https://api.cvmnews.com.br/audios/track/69febe443a9b4_1778302532.mp3', 0, 229, true, now(), now()),
  ('clbefeb8a849524441930f0a', 'Trilha 231', '', '', 'custom', 'https://api.cvmnews.com.br/audios/track/69febe473ac43_1778302535.mp3', 0, 230, true, now(), now()),
  ('cl9b344931151a4e20a3aa8a', 'Trilha 232', '', '', 'custom', 'https://api.cvmnews.com.br/audios/track/69febe4a5ae74_1778302538.mp3', 0, 231, true, now(), now()),
  ('clbc62cf52a59847fe955775', 'Trilha 233', '', '', 'custom', 'https://api.cvmnews.com.br/audios/track/69febe4dd1f33_1778302541.mp3', 0, 232, true, now(), now()),
  ('cle6c3e57f7dc24a92b312b5', 'Trilha 234', '', '', 'custom', 'https://api.cvmnews.com.br/audios/track/69febe5083f5b_1778302544.mp3', 0, 233, true, now(), now()),
  ('cl5ba4cb378d40481b885d6b', 'Trilha 235', '', '', 'custom', 'https://api.cvmnews.com.br/audios/track/69febe53857bd_1778302547.mp3', 0, 234, true, now(), now()),
  ('cl19d5d101233243b6bbd7c1', 'Trilha 236', '', '', 'custom', 'https://api.cvmnews.com.br/audios/track/69febe56629f6_1778302550.mp3', 0, 235, true, now(), now()),
  ('cl8a2477ad08514b33b51c2c', 'Trilha 237', '', '', 'custom', 'https://api.cvmnews.com.br/audios/track/69febe593bb83_1778302553.mp3', 0, 236, true, now(), now()),
  ('cl84acb6119b53471a8df7ee', 'Trilha 238', '', '', 'custom', 'https://api.cvmnews.com.br/audios/track/69febe5c60c9c_1778302556.mp3', 0, 237, true, now(), now()),
  ('cl94771e6a8b1b49008741c1', 'Trilha 239', '', '', 'custom', 'https://api.cvmnews.com.br/audios/track/69febe5f6680e_1778302559.mp3', 0, 238, true, now(), now()),
  ('cl9e11a2b779454e4b8c4bb1', 'Trilha 240', '', '', 'custom', 'https://api.cvmnews.com.br/audios/track/69febe621985c_1778302562.mp3', 0, 239, true, now(), now()),
  ('cl6e5ae6508d2f40829d2622', 'Trilha 241', '', '', 'custom', 'https://api.cvmnews.com.br/audios/track/69febe65578d1_1778302565.mp3', 0, 240, true, now(), now()),
  ('cl725227c6a35149ee82e564', 'Trilha 242', '', '', 'custom', 'https://api.cvmnews.com.br/audios/track/69febe6857542_1778302568.mp3', 0, 241, true, now(), now()),
  ('cl60bf915568474791ad6f5f', 'Trilha 243', '', '', 'custom', 'https://api.cvmnews.com.br/audios/track/69febe6b3986c_1778302571.mp3', 0, 242, true, now(), now()),
  ('cl6c6fc19dbf70449386c078', 'Trilha 244', '', '', 'custom', 'https://api.cvmnews.com.br/audios/track/69febe6e57a48_1778302574.mp3', 0, 243, true, now(), now()),
  ('clabf69bb1a4f54fe7b132de', 'Trilha 245', '', '', 'custom', 'https://api.cvmnews.com.br/audios/track/69febe7167a61_1778302577.mp3', 0, 244, true, now(), now()),
  ('cl97c5f62862544050b69651', 'Trilha 246', '', '', 'custom', 'https://api.cvmnews.com.br/audios/track/69febe7445df2_1778302580.mp3', 0, 245, true, now(), now()),
  ('cl5bf224e0f35d4c6baf04c9', 'Trilha 247', '', '', 'custom', 'https://api.cvmnews.com.br/audios/track/69febe7717e41_1778302583.mp3', 0, 246, true, now(), now()),
  ('clac770a06d92849acb44110', 'Trilha 248', '', '', 'custom', 'https://api.cvmnews.com.br/audios/track/69febe7a3fbde_1778302586.mp3', 0, 247, true, now(), now()),
  ('cl8b2ae10b80d243b298e948', 'Trilha 249', '', '', 'custom', 'https://api.cvmnews.com.br/audios/track/69febe7d3b2b5_1778302589.mp3', 0, 248, true, now(), now()),
  ('cla2b80acc3dc1486a8c6aff', 'Trilha 250', '', '', 'custom', 'https://api.cvmnews.com.br/audios/track/69febe8067042_1778302592.mp3', 0, 249, true, now(), now()),
  ('clca0cc1cf8ba847e5badbf4', 'Trilha 251', '', '', 'custom', 'https://api.cvmnews.com.br/audios/track/69febe833ca5f_1778302595.mp3', 0, 250, true, now(), now()),
  ('cl72d1000eb8d343fdbb26a1', 'Trilha 252', '', '', 'custom', 'https://api.cvmnews.com.br/audios/track/69febe865aa98_1778302598.mp3', 0, 251, true, now(), now()),
  ('cl2b8e9cff53d749b89f368d', 'Trilha 253', '', '', 'custom', 'https://api.cvmnews.com.br/audios/track/69febe893c9ff_1778302601.mp3', 0, 252, true, now(), now()),
  ('clbf54c3184e9644e1b6289d', 'Trilha 254', '', '', 'custom', 'https://api.cvmnews.com.br/audios/track/69febe8c2068a_1778302604.mp3', 0, 253, true, now(), now()),
  ('cl603b6221f09a4dcbb9d663', 'Trilha 255', '', '', 'custom', 'https://api.cvmnews.com.br/audios/track/69febe8f3e36d_1778302607.mp3', 0, 254, true, now(), now()),
  ('cl405fa2e95ec34df18e982f', 'Trilha 256', '', '', 'custom', 'https://api.cvmnews.com.br/audios/track/69febe923ebe7_1778302610.mp3', 0, 255, true, now(), now()),
  ('clecb30b081474435c920f23', 'Trilha 257', '', '', 'custom', 'https://api.cvmnews.com.br/audios/track/69febe9556749_1778302613.mp3', 0, 256, true, now(), now()),
  ('cl2876a173af1c4573a52461', 'Trilha 258', '', '', 'custom', 'https://api.cvmnews.com.br/audios/track/69febe983b570_1778302616.mp3', 0, 257, true, now(), now()),
  ('clf55b3c54e12f4b65961cc3', 'Trilha 259', '', '', 'custom', 'https://api.cvmnews.com.br/audios/track/69febe9b594e6_1778302619.mp3', 0, 258, true, now(), now()),
  ('cle6a1c840318940e7b0a61d', 'Trilha 260', '', '', 'custom', 'https://api.cvmnews.com.br/audios/track/69febe9e5a268_1778302622.mp3', 0, 259, true, now(), now()),
  ('clc5af8fb75b3e4f84aea31e', 'Trilha 261', '', '', 'custom', 'https://api.cvmnews.com.br/audios/track/69febea15fab6_1778302625.mp3', 0, 260, true, now(), now()),
  ('cl97b65548b7b24adbbcebad', 'Trilha 262', '', '', 'custom', 'https://api.cvmnews.com.br/audios/track/69febea460183_1778302628.mp3', 0, 261, true, now(), now()),
  ('claa0bce8397224f88885651', 'Trilha 263', '', '', 'custom', 'https://api.cvmnews.com.br/audios/track/69febea73e563_1778302631.mp3', 0, 262, true, now(), now()),
  ('cl61a7f5dcea0f4ab7997d40', 'Trilha 264', '', '', 'custom', 'https://api.cvmnews.com.br/audios/track/69febeaa3956e_1778302634.mp3', 0, 263, true, now(), now()),
  ('cl5a89547865de4622839be9', 'Trilha 265', '', '', 'custom', 'https://api.cvmnews.com.br/audios/track/69febead57219_1778302637.mp3', 0, 264, true, now(), now()),
  ('cl3499aa3e9081406a94750a', 'Trilha 266', '', '', 'custom', 'https://api.cvmnews.com.br/audios/track/69febeb078c9b_1778302640.mp3', 0, 265, true, now(), now()),
  ('cl88b310fffab54dfd838056', 'Trilha 267', '', '', 'custom', 'https://api.cvmnews.com.br/audios/track/69febeb357eb3_1778302643.mp3', 0, 266, true, now(), now()),
  ('cl26f79944d94142c39eef9f', 'Trilha 268', '', '', 'custom', 'https://api.cvmnews.com.br/audios/track/69febeb66d160_1778302646.mp3', 0, 267, true, now(), now()),
  ('clac0e25c5e7794bb5957e16', 'Trilha 269', '', '', 'custom', 'https://api.cvmnews.com.br/audios/track/69febeb99a6a9_1778302649.mp3', 0, 268, true, now(), now()),
  ('cl8bfcd70dc8c64326b5b746', 'Trilha 270', '', '', 'custom', 'https://api.cvmnews.com.br/audios/track/69febebc56fcf_1778302652.mp3', 0, 269, true, now(), now()),
  ('cl87aad18c1cc24a829b0f3e', 'Trilha 271', '', '', 'custom', 'https://api.cvmnews.com.br/audios/track/69febebf6505b_1778302655.mp3', 0, 270, true, now(), now()),
  ('clc24360a92c28429da653f3', 'Trilha 272', '', '', 'custom', 'https://api.cvmnews.com.br/audios/track/69febec259f0f_1778302658.mp3', 0, 271, true, now(), now()),
  ('clc5db9c5d7a7844f9abf54e', 'Trilha 273', '', '', 'custom', 'https://api.cvmnews.com.br/audios/track/69febec53f133_1778302661.mp3', 0, 272, true, now(), now()),
  ('cl4d67114f7dd84413a4252f', 'Trilha 274', '', '', 'custom', 'https://api.cvmnews.com.br/audios/track/69febec86b575_1778302664.mp3', 0, 273, true, now(), now()),
  ('cl6a77235521a546e0903d70', 'Trilha 275', '', '', 'custom', 'https://api.cvmnews.com.br/audios/track/69febecb89ecb_1778302667.mp3', 0, 274, true, now(), now()),
  ('clae3111425b4a4d19941f10', 'Trilha 276', '', '', 'custom', 'https://api.cvmnews.com.br/audios/track/69febece3b697_1778302670.mp3', 0, 275, true, now(), now()),
  ('cl2c110860321742e29837f9', 'Trilha 277', '', '', 'custom', 'https://api.cvmnews.com.br/audios/track/69febed15594d_1778302673.mp3', 0, 276, true, now(), now()),
  ('cla46384120c7f465498315c', 'Trilha 278', '', '', 'custom', 'https://api.cvmnews.com.br/audios/track/69febed489ca4_1778302676.mp3', 0, 277, true, now(), now()),
  ('cle63653ba81b14403a76559', 'Trilha 279', '', '', 'custom', 'https://api.cvmnews.com.br/audios/track/69febed7953a2_1778302679.mp3', 0, 278, true, now(), now()),
  ('cl1f95b568b30f41759ac23e', 'Trilha 280', '', '', 'custom', 'https://api.cvmnews.com.br/audios/track/69febeda9dab5_1778302682.mp3', 0, 279, true, now(), now()),
  ('cl7f1baf1ad015486d851e6b', 'Trilha 281', '', '', 'custom', 'https://api.cvmnews.com.br/audios/track/69febedd5a53b_1778302685.mp3', 0, 280, true, now(), now()),
  ('cl9a8d81f9f3c8463293d573', 'Trilha 282', '', '', 'custom', 'https://api.cvmnews.com.br/audios/track/69febee05de86_1778302688.mp3', 0, 281, true, now(), now()),
  ('cleba27f8d7b824802996985', 'Trilha 283', '', '', 'custom', 'https://api.cvmnews.com.br/audios/track/69febee33f241_1778302691.mp3', 0, 282, true, now(), now()),
  ('cl99b519bcad3a40f2b3e857', 'Trilha 284', '', '', 'custom', 'https://api.cvmnews.com.br/audios/track/69febee6a6a3e_1778302694.mp3', 0, 283, true, now(), now()),
  ('cl280ef0cb5b0e443886f13a', 'Trilha 285', '', '', 'custom', 'https://api.cvmnews.com.br/audios/track/69febee97cfd2_1778302697.mp3', 0, 284, true, now(), now()),
  ('cl6c8b44f0261f471eb61be1', 'Trilha 286', '', '', 'custom', 'https://api.cvmnews.com.br/audios/track/69febeec72378_1778302700.mp3', 0, 285, true, now(), now()),
  ('clf36ce15a86204df98fbfd6', 'Trilha 287', '', '', 'custom', 'https://api.cvmnews.com.br/audios/track/69febeefa5dc5_1778302703.mp3', 0, 286, true, now(), now()),
  ('cl33b51b608d74499f8a634f', 'Trilha 288', '', '', 'custom', 'https://api.cvmnews.com.br/audios/track/69febef25c72b_1778302706.mp3', 0, 287, true, now(), now()),
  ('cl14f3b1d21ac44ae5884ea7', 'Trilha 289', '', '', 'custom', 'https://api.cvmnews.com.br/audios/track/69febef598639_1778302709.mp3', 0, 288, true, now(), now()),
  ('cla89cf2dec258495ab1aaf5', 'Trilha 290', '', '', 'custom', 'https://api.cvmnews.com.br/audios/track/69febef85bd01_1778302712.mp3', 0, 289, true, now(), now()),
  ('cl1735dd64053640eb868942', 'Trilha 291', '', '', 'custom', 'https://api.cvmnews.com.br/audios/track/69febefb5be1f_1778302715.mp3', 0, 290, true, now(), now()),
  ('cl9895691f5bc9428d9d7324', 'Trilha 292', '', '', 'custom', 'https://api.cvmnews.com.br/audios/track/69febefe762f8_1778302718.mp3', 0, 291, true, now(), now()),
  ('cl15b836dbc69845db97231b', 'Trilha 293', '', '', 'custom', 'https://api.cvmnews.com.br/audios/track/69febf01cee0c_1778302721.mp3', 0, 292, true, now(), now()),
  ('cl2fd16f1d2ec747d6820b11', 'Trilha 294', '', '', 'custom', 'https://api.cvmnews.com.br/audios/track/69febf048db46_1778302724.mp3', 0, 293, true, now(), now()),
  ('cl77213584e64c496fbd8916', 'Trilha 295', '', '', 'custom', 'https://api.cvmnews.com.br/audios/track/69febf077fd47_1778302727.mp3', 0, 294, true, now(), now()),
  ('cl24e3f9462afe4daab1a80f', 'Trilha 296', '', '', 'custom', 'https://api.cvmnews.com.br/audios/track/69febf0aa2d03_1778302730.mp3', 0, 295, true, now(), now()),
  ('cl2b19e6ec2b5a4bc5a1324d', 'Trilha 297', '', '', 'custom', 'https://api.cvmnews.com.br/audios/track/69febf0d807bf_1778302733.mp3', 0, 296, true, now(), now()),
  ('cl3e672dbf2f0a4672a6ad0b', 'Trilha 298', '', '', 'custom', 'https://api.cvmnews.com.br/audios/track/69febf10a956c_1778302736.mp3', 0, 297, true, now(), now()),
  ('clb500b1f88de849a596df15', 'Trilha 299', '', '', 'custom', 'https://api.cvmnews.com.br/audios/track/69febf1356743_1778302739.mp3', 0, 298, true, now(), now()),
  ('clad45dcf7c4674db5bf0359', 'Trilha 300', '', '', 'custom', 'https://api.cvmnews.com.br/audios/track/69febf16d2487_1778302742.mp3', 0, 299, true, now(), now()),
  ('cld861da9a277843dfb91dab', 'Trilha 301', '', '', 'custom', 'https://api.cvmnews.com.br/audios/track/69febf1a50a12_1778302746.mp3', 0, 300, true, now(), now()),
  ('cl7ab5e8ef06ab4064836fcf', 'Trilha 302', '', '', 'custom', 'https://api.cvmnews.com.br/audios/track/69febf1d3baf2_1778302749.mp3', 0, 301, true, now(), now()),
  ('cl588af84c58e04e978da2e4', 'Trilha 303', '', '', 'custom', 'https://api.cvmnews.com.br/audios/track/69febf203bd5e_1778302752.mp3', 0, 302, true, now(), now()),
  ('cl2d630b18403e4d1b9dec49', 'Trilha 304', '', '', 'custom', 'https://api.cvmnews.com.br/audios/track/69febf2354f60_1778302755.mp3', 0, 303, true, now(), now()),
  ('cl2829394326f6479b872e24', 'Trilha 305', '', '', 'custom', 'https://api.cvmnews.com.br/audios/track/69febf263c5f5_1778302758.mp3', 0, 304, true, now(), now()),
  ('clf6b988bbdcb14e97b4a7f8', 'Trilha 306', '', '', 'custom', 'https://api.cvmnews.com.br/audios/track/69febf29359bd_1778302761.mp3', 0, 305, true, now(), now()),
  ('cl6a179a4c07134b12af2895', 'Trilha 307', '', '', 'custom', 'https://api.cvmnews.com.br/audios/track/69febf2c4f45f_1778302764.mp3', 0, 306, true, now(), now()),
  ('cl41db22923f9443ceaecc8c', 'Trilha 308', '', '', 'custom', 'https://api.cvmnews.com.br/audios/track/69febf2fa61cd_1778302767.mp3', 0, 307, true, now(), now()),
  ('cld82a5ffd45fa42709ce317', 'Trilha 309', '', '', 'custom', 'https://api.cvmnews.com.br/audios/track/69febf321933e_1778302770.mp3', 0, 308, true, now(), now()),
  ('clb154792b6ea64e9bb25391', 'Trilha 310', '', '', 'custom', 'https://api.cvmnews.com.br/audios/track/69febf356f641_1778302773.mp3', 0, 309, true, now(), now()),
  ('cl73bb03c014c14539a7f44e', 'Trilha 311', '', '', 'custom', 'https://api.cvmnews.com.br/audios/track/69febf384f86b_1778302776.mp3', 0, 310, true, now(), now()),
  ('cla859b88c912046ab8d57e8', 'Trilha 312', '', '', 'custom', 'https://api.cvmnews.com.br/audios/track/69febf3b1800d_1778302779.mp3', 0, 311, true, now(), now()),
  ('clb363d12ed92d495690d986', 'Trilha 313', '', '', 'custom', 'https://api.cvmnews.com.br/audios/track/69febf3e14d1c_1778302782.mp3', 0, 312, true, now(), now()),
  ('cl811df85c94e54def975450', 'Trilha 314', '', '', 'custom', 'https://api.cvmnews.com.br/audios/track/69febf413591b_1778302785.mp3', 0, 313, true, now(), now()),
  ('cla08483b502ec4c68859bbc', 'Trilha 315', '', '', 'custom', 'https://api.cvmnews.com.br/audios/track/69febf45a648c_1778302789.mp3', 0, 314, true, now(), now()),
  ('cl583c8219acf14d2aacd0b8', 'Trilha 316', '', '', 'custom', 'https://api.cvmnews.com.br/audios/track/69febf4839deb_1778302792.mp3', 0, 315, true, now(), now()),
  ('cl8cb2130c75a84c8e8772aa', 'Trilha 317', '', '', 'custom', 'https://api.cvmnews.com.br/audios/track/69febf4b31352_1778302795.mp3', 0, 316, true, now(), now()),
  ('clce4fc3a528ff41f4a68b9d', 'Trilha 318', '', '', 'custom', 'https://api.cvmnews.com.br/audios/track/69febf4e98a6c_1778302798.mp3', 0, 317, true, now(), now()),
  ('cl3ba47b2059944c0cb1c360', 'Trilha 319', '', '', 'custom', 'https://api.cvmnews.com.br/audios/track/69febf5154c94_1778302801.mp3', 0, 318, true, now(), now()),
  ('cl23937b034c454b2dbf0418', 'Trilha 320', '', '', 'custom', 'https://api.cvmnews.com.br/audios/track/69febf53ca392_1778302803.mp3', 0, 319, true, now(), now()),
  ('cl9b293211883440d99edacc', 'Trilha 321', '', '', 'custom', 'https://api.cvmnews.com.br/audios/track/69febf55e2c5f_1778302805.mp3', 0, 320, true, now(), now()),
  ('cl625f874e089a42ffbacf7e', 'Trilha 322', '', '', 'custom', 'https://api.cvmnews.com.br/audios/track/69febf57c5d45_1778302807.mp3', 0, 321, true, now(), now()),
  ('cl282949eca19d40949b6a4b', 'Trilha 323', '', '', 'custom', 'https://api.cvmnews.com.br/audios/track/69febf59c6a16_1778302809.mp3', 0, 322, true, now(), now()),
  ('clcbc80ff7b6ce4dafbd0f16', 'Trilha 324', '', '', 'custom', 'https://api.cvmnews.com.br/audios/track/69febf5be419a_1778302811.mp3', 0, 323, true, now(), now()),
  ('cl7220e526c35d4f99b183bd', 'Trilha 325', '', '', 'custom', 'https://api.cvmnews.com.br/audios/track/69febf5e0ed75_1778302814.mp3', 0, 324, true, now(), now()),
  ('cldfef96ee20ef4854a02ca1', 'Trilha 326', '', '', 'custom', 'https://api.cvmnews.com.br/audios/track/69febf615ba43_1778302817.mp3', 0, 325, true, now(), now()),
  ('cl2ead09e042294321a194b1', 'Trilha 327', '', '', 'custom', 'https://api.cvmnews.com.br/audios/track/69febf63e008d_1778302819.mp3', 0, 326, true, now(), now()),
  ('cl5366a17de9d84840afbdaa', 'Trilha 328', '', '', 'custom', 'https://api.cvmnews.com.br/audios/track/69febf6637311_1778302822.mp3', 0, 327, true, now(), now()),
  ('cl7f25ba0e85a04463bafc95', 'Trilha 329', '', '', 'custom', 'https://api.cvmnews.com.br/audios/track/69febf68eabf8_1778302824.mp3', 0, 328, true, now(), now()),
  ('cl7baa46c96bc14c98904ae1', 'Trilha 330', '', '', 'custom', 'https://api.cvmnews.com.br/audios/track/69febf6c4e4f4_1778302828.mp3', 0, 329, true, now(), now()),
  ('cle75d137455fe47d9b52e7d', 'Trilha 331', '', '', 'custom', 'https://api.cvmnews.com.br/audios/track/69febf6f2c99f_1778302831.mp3', 0, 330, true, now(), now()),
  ('cl9a38736066fb44d9a2500b', 'Trilha 332', '', '', 'custom', 'https://api.cvmnews.com.br/audios/track/69febf71c577b_1778302833.mp3', 0, 331, true, now(), now()),
  ('cl597fe4d8a3894c918de749', 'Trilha 333', '', '', 'custom', 'https://api.cvmnews.com.br/audios/track/69febf740e617_1778302836.mp3', 0, 332, true, now(), now()),
  ('clae55bd8e7f9046579e7a51', 'Trilha 334', '', '', 'custom', 'https://api.cvmnews.com.br/audios/track/69febf7710c41_1778302839.mp3', 0, 333, true, now(), now()),
  ('cldc043f5b95744b7a8f0d31', 'Trilha 335', '', '', 'custom', 'https://api.cvmnews.com.br/audios/track/69febf7a328e1_1778302842.mp3', 0, 334, true, now(), now()),
  ('cldc085a743be043a6919414', 'Trilha 336', '', '', 'custom', 'https://api.cvmnews.com.br/audios/track/69febf7d15d04_1778302845.mp3', 0, 335, true, now(), now()),
  ('cl2870fc84bae243009140b7', 'Trilha 337', '', '', 'custom', 'https://api.cvmnews.com.br/audios/track/69febf80124f7_1778302848.mp3', 0, 336, true, now(), now()),
  ('cl0c9d44fafb044f588e435f', 'Trilha 338', '', '', 'custom', 'https://api.cvmnews.com.br/audios/track/69febf8351116_1778302851.mp3', 0, 337, true, now(), now()),
  ('cl29a9c06422044a89857131', 'Trilha 339', '', '', 'custom', 'https://api.cvmnews.com.br/audios/track/69febf8630f6a_1778302854.mp3', 0, 338, true, now(), now()),
  ('cld62e8a9695924246a8f796', 'Trilha 340', '', '', 'custom', 'https://api.cvmnews.com.br/audios/track/69febf8934730_1778302857.mp3', 0, 339, true, now(), now()),
  ('cl93557b142dbf4deda18a14', 'Trilha 341', '', '', 'custom', 'https://api.cvmnews.com.br/audios/track/69febf8c11e37_1778302860.mp3', 0, 340, true, now(), now()),
  ('cldef3250caa4c480b88abe0', 'Trilha 342', '', '', 'custom', 'https://api.cvmnews.com.br/audios/track/69febf8f185c4_1778302863.mp3', 0, 341, true, now(), now()),
  ('cle5c25bdb8ff447d98a35f4', 'Trilha 343', '', '', 'custom', 'https://api.cvmnews.com.br/audios/track/69febf924df31_1778302866.mp3', 0, 342, true, now(), now()),
  ('cl359d9ba69e0f4ff19bad16', 'Trilha 344', '', '', 'custom', 'https://api.cvmnews.com.br/audios/track/69febf9559f2e_1778302869.mp3', 0, 343, true, now(), now()),
  ('clebcb946cf59f4efba92f57', 'Trilha 345', '', '', 'custom', 'https://api.cvmnews.com.br/audios/track/69febf9850cc1_1778302872.mp3', 0, 344, true, now(), now()),
  ('cl117eaa0264e24cd0a902c9', 'Trilha 346', '', '', 'custom', 'https://api.cvmnews.com.br/audios/track/69febf9aeb619_1778302874.mp3', 0, 345, true, now(), now()),
  ('cl471ccf01670b43efa053a5', 'Trilha 347', '', '', 'custom', 'https://api.cvmnews.com.br/audios/track/69febf9e0f339_1778302878.mp3', 0, 346, true, now(), now()),
  ('cl1473bda8b5a545e892dbf8', 'Trilha 348', '', '', 'custom', 'https://api.cvmnews.com.br/audios/track/69febfa1399f1_1778302881.mp3', 0, 347, true, now(), now()),
  ('cl4faf0bd359c0449d86a1a4', 'Trilha 349', '', '', 'custom', 'https://api.cvmnews.com.br/audios/track/69febfa433c69_1778302884.mp3', 0, 348, true, now(), now()),
  ('cl36274cb6b05c41d1a4883d', 'Trilha 350', '', '', 'custom', 'https://api.cvmnews.com.br/audios/track/69febfa74dcaa_1778302887.mp3', 0, 349, true, now(), now()),
  ('cl16c89ad490fe4c1e9ff388', 'Trilha 351', '', '', 'custom', 'https://api.cvmnews.com.br/audios/track/69febfaa5d0c1_1778302890.mp3', 0, 350, true, now(), now()),
  ('clf6c722cf934e46bca2e48b', 'Trilha 352', '', '', 'custom', 'https://api.cvmnews.com.br/audios/track/69febfad13118_1778302893.mp3', 0, 351, true, now(), now()),
  ('cl94ffb6b4de9b4abe9041c9', 'Trilha 353', '', '', 'custom', 'https://api.cvmnews.com.br/audios/track/69febfb0387ff_1778302896.mp3', 0, 352, true, now(), now()),
  ('cl205ca3e2793e41ae89b000', 'Trilha 354', '', '', 'custom', 'https://api.cvmnews.com.br/audios/track/69febfb34c2f9_1778302899.mp3', 0, 353, true, now(), now()),
  ('cl273d3db78d2943a7bfab9e', 'Trilha 355', '', '', 'custom', 'https://api.cvmnews.com.br/audios/track/69febfb657de5_1778302902.mp3', 0, 354, true, now(), now()),
  ('clf13470abe5284b34a87531', 'Trilha 356', '', '', 'custom', 'https://api.cvmnews.com.br/audios/track/69febfb932803_1778302905.mp3', 0, 355, true, now(), now()),
  ('cl3a28b5543bb7434a9cfcdf', 'Trilha 357', '', '', 'custom', 'https://api.cvmnews.com.br/audios/track/69febfbc0faaa_1778302908.mp3', 0, 356, true, now(), now()),
  ('clc3b439d2664a4a6eabb97a', 'Trilha 358', '', '', 'custom', 'https://api.cvmnews.com.br/audios/track/69febfbee6fd3_1778302910.mp3', 0, 357, true, now(), now()),
  ('cld19b054978044458b560c3', 'Trilha 359', '', '', 'custom', 'https://api.cvmnews.com.br/audios/track/69febfc254f8d_1778302914.mp3', 0, 358, true, now(), now()),
  ('cl95232ac8b57942acb96a7e', 'Trilha 360', '', '', 'custom', 'https://api.cvmnews.com.br/audios/track/69febfc561903_1778302917.mp3', 0, 359, true, now(), now()),
  ('clb02e273cd8ce472ea5e1f1', 'Trilha 361', '', '', 'custom', 'https://api.cvmnews.com.br/audios/track/69febfc850ae9_1778302920.mp3', 0, 360, true, now(), now()),
  ('clc0febb9e0f8d40eba09b10', 'Trilha 362', '', '', 'custom', 'https://api.cvmnews.com.br/audios/track/69febfcb36b6a_1778302923.mp3', 0, 361, true, now(), now()),
  ('cl3486470e1c68454f8649aa', 'Trilha 363', '', '', 'custom', 'https://api.cvmnews.com.br/audios/track/69febfce2f0c4_1778302926.mp3', 0, 362, true, now(), now()),
  ('cl67eca706560b44f3b5d8ea', 'Trilha 364', '', '', 'custom', 'https://api.cvmnews.com.br/audios/track/69febfd112791_1778302929.mp3', 0, 363, true, now(), now()),
  ('cl1c51f8e485ec4a88b5d08d', 'Trilha 365', '', '', 'custom', 'https://api.cvmnews.com.br/audios/track/69febfd436eb7_1778302932.mp3', 0, 364, true, now(), now()),
  ('cld231683cc531415d8293cf', 'Trilha 366', '', '', 'custom', 'https://api.cvmnews.com.br/audios/track/69febfd714203_1778302935.mp3', 0, 365, true, now(), now()),
  ('clb448dc5cd458467c99924e', 'Trilha 367', '', '', 'custom', 'https://api.cvmnews.com.br/audios/track/69febfda109fc_1778302938.mp3', 0, 366, true, now(), now()),
  ('cl10bd66e6f6834f5fa5a37f', 'Trilha 368', '', '', 'custom', 'https://api.cvmnews.com.br/audios/track/69febfdd359c7_1778302941.mp3', 0, 367, true, now(), now()),
  ('cl7968a1602ef54371ac37c6', 'Trilha 369', '', '', 'custom', 'https://api.cvmnews.com.br/audios/track/69febfe031092_1778302944.mp3', 0, 368, true, now(), now()),
  ('cl03e5105c14ff47e2b9f4a4', 'Trilha 370', '', '', 'custom', 'https://api.cvmnews.com.br/audios/track/69febfe33563d_1778302947.mp3', 0, 369, true, now(), now()),
  ('cl5049be89f2d04f22922216', 'Trilha 371', '', '', 'custom', 'https://api.cvmnews.com.br/audios/track/69febfe64d093_1778302950.mp3', 0, 370, true, now(), now()),
  ('cl78c7a6e7997947ff9885fd', 'Trilha 372', '', '', 'custom', 'https://api.cvmnews.com.br/audios/track/69febfe94cd9f_1778302953.mp3', 0, 371, true, now(), now()),
  ('cleb566b9d18ae481b973de4', 'Trilha 373', '', '', 'custom', 'https://api.cvmnews.com.br/audios/track/69febfec0ceb8_1778302956.mp3', 0, 372, true, now(), now()),
  ('clc177f48a048e402986404f', 'Trilha 374', '', '', 'custom', 'https://api.cvmnews.com.br/audios/track/69febfef14d63_1778302959.mp3', 0, 373, true, now(), now()),
  ('cl76b21915c90f42e98aca85', 'Trilha 375', '', '', 'custom', 'https://api.cvmnews.com.br/audios/track/69febff2264a2_1778302962.mp3', 0, 374, true, now(), now()),
  ('cl820493a934bf4969b00814', 'Trilha 376', '', '', 'custom', 'https://api.cvmnews.com.br/audios/track/69febff583c2f_1778302965.mp3', 0, 375, true, now(), now()),
  ('cl64ae42af749f474fbeca79', 'Trilha 377', '', '', 'custom', 'https://api.cvmnews.com.br/audios/track/69febff84a152_1778302968.mp3', 0, 376, true, now(), now()),
  ('cl6206b511d029434482c1aa', 'Trilha 378', '', '', 'custom', 'https://api.cvmnews.com.br/audios/track/69febffb52bdb_1778302971.mp3', 0, 377, true, now(), now()),
  ('cl9872847ccdc3443b973264', 'Trilha 379', '', '', 'custom', 'https://api.cvmnews.com.br/audios/track/69febffe3292b_1778302974.mp3', 0, 378, true, now(), now()),
  ('clf26fbd519a88431bad0426', 'Trilha 380', '', '', 'custom', 'https://api.cvmnews.com.br/audios/track/69fec001553e6_1778302977.mp3', 0, 379, true, now(), now()),
  ('cl42639e7232f247b597f159', 'Trilha 381', '', '', 'custom', 'https://api.cvmnews.com.br/audios/track/69fec0044aaa9_1778302980.mp3', 0, 380, true, now(), now()),
  ('cl2b68b8bd1fe94efab51144', 'Trilha 382', '', '', 'custom', 'https://api.cvmnews.com.br/audios/track/69fec0074ccff_1778302983.mp3', 0, 381, true, now(), now()),
  ('cl18f438faefbf49dcb4ef17', 'Trilha 383', '', '', 'custom', 'https://api.cvmnews.com.br/audios/track/69fec00a5544f_1778302986.mp3', 0, 382, true, now(), now()),
  ('cl0afd613bacb647ad87fa1e', 'Trilha 384', '', '', 'custom', 'https://api.cvmnews.com.br/audios/track/69fec00d56032_1778302989.mp3', 0, 383, true, now(), now()),
  ('cl9567f81fd73e495c97de6d', 'Trilha 385', '', '', 'custom', 'https://api.cvmnews.com.br/audios/track/69fec0104b2e6_1778302992.mp3', 0, 384, true, now(), now()),
  ('cldae04faddb074e999893bf', 'Trilha 386', '', '', 'custom', 'https://api.cvmnews.com.br/audios/track/69fec0134d0e4_1778302995.mp3', 0, 385, true, now(), now()),
  ('cl9f3289f2ad2f49df8fd1b5', 'Trilha 387', '', '', 'custom', 'https://api.cvmnews.com.br/audios/track/69fec0162cbd5_1778302998.mp3', 0, 386, true, now(), now()),
  ('cl482c335d2e7c48cfad04d3', 'Trilha 388', '', '', 'custom', 'https://api.cvmnews.com.br/audios/track/69fec0190d681_1778303001.mp3', 0, 387, true, now(), now()),
  ('cl43f6fc928b97455c9bc25d', 'Trilha 389', '', '', 'custom', 'https://api.cvmnews.com.br/audios/track/69fec01c4e0bc_1778303004.mp3', 0, 388, true, now(), now()),
  ('cl9f8a5726319643299f31db', 'Trilha 390', '', '', 'custom', 'https://api.cvmnews.com.br/audios/track/69fec01f6c7c6_1778303007.mp3', 0, 389, true, now(), now()),
  ('cl57dfaf5b0ab04eb4a2354a', 'Trilha 391', '', '', 'custom', 'https://api.cvmnews.com.br/audios/track/69fec02234451_1778303010.mp3', 0, 390, true, now(), now()),
  ('cl35ece5a41b5f4f46b58528', 'Trilha 392', '', '', 'custom', 'https://api.cvmnews.com.br/audios/track/69fec02554aca_1778303013.mp3', 0, 391, true, now(), now()),
  ('clba27d5ea36b9462bb50236', 'Trilha 393', '', '', 'custom', 'https://api.cvmnews.com.br/audios/track/69fec0286d4f1_1778303016.mp3', 0, 392, true, now(), now()),
  ('cl286d749ec551461a912843', 'Trilha 394', '', '', 'custom', 'https://api.cvmnews.com.br/audios/track/69fec02b92728_1778303019.mp3', 0, 393, true, now(), now()),
  ('cl3e146f302b764a12b08bb2', 'Trilha 395', '', '', 'custom', 'https://api.cvmnews.com.br/audios/track/69fec02e335d3_1778303022.mp3', 0, 394, true, now(), now()),
  ('cl1d5e936b2a57454b865990', 'Trilha 396', '', '', 'custom', 'https://api.cvmnews.com.br/audios/track/69fec0314a3ba_1778303025.mp3', 0, 395, true, now(), now()),
  ('clb082f80848124e608231d9', 'Trilha 397', '', '', 'custom', 'https://api.cvmnews.com.br/audios/track/69fec0344b05b_1778303028.mp3', 0, 396, true, now(), now()),
  ('cl2c68b965f7f94993b79ec0', 'Trilha 398', '', '', 'custom', 'https://api.cvmnews.com.br/audios/track/69fec03732e81_1778303031.mp3', 0, 397, true, now(), now()),
  ('cl8a1172e429d741ffa3ccf2', 'Trilha 399', '', '', 'custom', 'https://api.cvmnews.com.br/audios/track/69fec03a32ac6_1778303034.mp3', 0, 398, true, now(), now()),
  ('cl58d3cf7d59254f9eb81717', 'Trilha 400', '', '', 'custom', 'https://api.cvmnews.com.br/audios/track/69fec03d2d9dc_1778303037.mp3', 0, 399, true, now(), now()),
  ('cle96837bc6214442b89b185', 'Trilha 401', '', '', 'custom', 'https://api.cvmnews.com.br/audios/track/69fec04079c92_1778303040.mp3', 0, 400, true, now(), now()),
  ('cldec013a090bb4e7ab25d0b', 'Trilha 402', '', '', 'custom', 'https://api.cvmnews.com.br/audios/track/69fec043687b1_1778303043.mp3', 0, 401, true, now(), now()),
  ('cl140ee70289204b7c9e6fe9', 'Trilha 403', '', '', 'custom', 'https://api.cvmnews.com.br/audios/track/69fec0464979c_1778303046.mp3', 0, 402, true, now(), now()),
  ('cl53e6648b8c7f4cfb9ca735', 'Trilha 404', '', '', 'custom', 'https://api.cvmnews.com.br/audios/track/69fec04951b54_1778303049.mp3', 0, 403, true, now(), now()),
  ('cl7e61dfc2619e45f8beed3d', 'Trilha 405', '', '', 'custom', 'https://api.cvmnews.com.br/audios/track/69fec04c71c29_1778303052.mp3', 0, 404, true, now(), now()),
  ('clcaa604490e6a47c9affe03', 'Trilha 406', '', '', 'custom', 'https://api.cvmnews.com.br/audios/track/69fec04f4f572_1778303055.mp3', 0, 405, true, now(), now()),
  ('cl736638f11f194e309d7b7d', 'Trilha 407', '', '', 'custom', 'https://api.cvmnews.com.br/audios/track/69fec0524f651_1778303058.mp3', 0, 406, true, now(), now()),
  ('cl4aa9fcdf20e14d8cb0203c', 'Trilha 408', '', '', 'custom', 'https://api.cvmnews.com.br/audios/track/69fec055650bf_1778303061.mp3', 0, 407, true, now(), now()),
  ('cl9958b0ec41c941cd8e1629', 'Trilha 409', '', '', 'custom', 'https://api.cvmnews.com.br/audios/track/69fec05830fdf_1778303064.mp3', 0, 408, true, now(), now()),
  ('cl1a6af8111b4340849103b5', 'Trilha 410', '', '', 'custom', 'https://api.cvmnews.com.br/audios/track/69fec05b2cd2c_1778303067.mp3', 0, 409, true, now(), now()),
  ('cl09dd1cd8828146698b3147', 'Trilha 411', '', '', 'custom', 'https://api.cvmnews.com.br/audios/track/69fec05e27fa7_1778303070.mp3', 0, 410, true, now(), now()),
  ('cl9152bcb2d5f149f1b3e814', 'Trilha 412', '', '', 'custom', 'https://api.cvmnews.com.br/audios/track/69fec0612d5f5_1778303073.mp3', 0, 411, true, now(), now()),
  ('cldd978d526406432698d9b0', 'Trilha 413', '', '', 'custom', 'https://api.cvmnews.com.br/audios/track/69fec0642e2a7_1778303076.mp3', 0, 412, true, now(), now()),
  ('cl5b31a9d4221646ed881a3e', 'Trilha 414', '', '', 'custom', 'https://api.cvmnews.com.br/audios/track/69fec06749386_1778303079.mp3', 0, 413, true, now(), now()),
  ('cl690d50b7853b42248dee25', 'Trilha 415', '', '', 'custom', 'https://api.cvmnews.com.br/audios/track/69fec06a342c2_1778303082.mp3', 0, 414, true, now(), now()),
  ('cled9f7526d2864d0bbe17f0', 'Trilha 416', '', '', 'custom', 'https://api.cvmnews.com.br/audios/track/69fec06d32bd8_1778303085.mp3', 0, 415, true, now(), now()),
  ('cl331acfe5a8d64231893ef1', 'Trilha 417', '', '', 'custom', 'https://api.cvmnews.com.br/audios/track/69fec0700a4a5_1778303088.mp3', 0, 416, true, now(), now()),
  ('cl929c23c91df243ad85715f', 'Trilha 418', '', '', 'custom', 'https://api.cvmnews.com.br/audios/track/69fec0730bf14_1778303091.mp3', 0, 417, true, now(), now()),
  ('clebecb39d37304daf9599a5', 'Trilha 419', '', '', 'custom', 'https://api.cvmnews.com.br/audios/track/69fec0764d71b_1778303094.mp3', 0, 418, true, now(), now()),
  ('cl2f1867866cb847e5b88817', 'Trilha 420', '', '', 'custom', 'https://api.cvmnews.com.br/audios/track/69fec0792ccda_1778303097.mp3', 0, 419, true, now(), now()),
  ('cle9c7d077cb984610bfcbf5', 'Trilha 421', '', '', 'custom', 'https://api.cvmnews.com.br/audios/track/69fec07c4d2e6_1778303100.mp3', 0, 420, true, now(), now()),
  ('clc8bdb8a4003645c19dee84', 'Trilha 422', '', '', 'custom', 'https://api.cvmnews.com.br/audios/track/69fec07f2862f_1778303103.mp3', 0, 421, true, now(), now()),
  ('cl723a9eeb0e0446dc92272e', 'Trilha 423', '', '', 'custom', 'https://api.cvmnews.com.br/audios/track/69fec0820df0a_1778303106.mp3', 0, 422, true, now(), now()),
  ('cl6caf122cf693461095e09b', 'Trilha 424', '', '', 'custom', 'https://api.cvmnews.com.br/audios/track/69ff6cc0b67e4_1778347200.mp3', 0, 423, true, now(), now()),
  ('cl78b41fc1f4ac44998ac871', 'Trilha 425', '', '', 'custom', 'https://api.cvmnews.com.br/audios/track/69ff6cc6ce731_1778347206.mp3', 0, 424, true, now(), now()),
  ('cl5393b67b76c54a6f984277', 'Trilha 426', '', '', 'custom', 'https://api.cvmnews.com.br/audios/track/69ff6cca5d8e6_1778347210.mp3', 0, 425, true, now(), now()),
  ('cl87cca141c88a43f5a3d7ac', 'Trilha 427', '', '', 'custom', 'https://api.cvmnews.com.br/audios/track/69ff6cd984fa5_1778347225.mp3', 0, 426, true, now(), now()),
  ('clfc138acdeb094599ba931a', 'Trilha 428', '', '', 'custom', 'https://api.cvmnews.com.br/audios/track/69ff6ce88d2e6_1778347240.mp3', 0, 427, true, now(), now()),
  ('clb6cf165cf01d421393164b', 'Trilha 429', '', '', 'custom', 'https://api.cvmnews.com.br/audios/track/69ff6ced20826_1778347245.mp3', 0, 428, true, now(), now()),
  ('cld637bd76ebd44914a5bdbd', 'Trilha 430', '', '', 'custom', 'https://api.cvmnews.com.br/audios/track/69ff6cff0f6aa_1778347263.mp3', 0, 429, true, now(), now()),
  ('cl081fd343785b456493c05e', 'Trilha 431', '', '', 'custom', 'https://api.cvmnews.com.br/audios/track/69ff6d0449e42_1778347268.mp3', 0, 430, true, now(), now()),
  ('cl2613302c31d147108583a6', 'Trilha 432', '', '', 'custom', 'https://api.cvmnews.com.br/audios/track/69ff6d13438ff_1778347283.mp3', 0, 431, true, now(), now()),
  ('cl3ade8b60461549e7b5ca7f', 'Trilha 433', '', '', 'custom', 'https://api.cvmnews.com.br/audios/track/69ff6d2193691_1778347297.mp3', 0, 432, true, now(), now()),
  ('cl06b7a46830e947c08db9f7', 'Trilha 434', '', '', 'custom', 'https://api.cvmnews.com.br/audios/track/69ff6d26331b0_1778347302.mp3', 0, 433, true, now(), now()),
  ('cl6a47b7245b7d4ba1a5634e', 'Trilha 435', '', '', 'custom', 'https://api.cvmnews.com.br/audios/track/69ff6d2b0f0c9_1778347307.mp3', 0, 434, true, now(), now()),
  ('cl608bbc1e60c14763af9791', 'Trilha 436', '', '', 'custom', 'https://api.cvmnews.com.br/audios/track/69ff6d2fa9918_1778347311.mp3', 0, 435, true, now(), now()),
  ('cl24363eac04b441108ef0c2', 'Trilha 437', '', '', 'custom', 'https://api.cvmnews.com.br/audios/track/69ff6d3eb3af0_1778347326.mp3', 0, 436, true, now(), now()),
  ('cl00805045109a4cdfbe5453', 'Trilha 438', '', '', 'custom', 'https://api.cvmnews.com.br/audios/track/69ff6d4de66eb_1778347341.mp3', 0, 437, true, now(), now()),
  ('cleae9b98964fc4bd99fc2a0', 'Trilha 439', '', '', 'custom', 'https://api.cvmnews.com.br/audios/track/69ff6d5d6b0a3_1778347357.mp3', 0, 438, true, now(), now()),
  ('clff9c33c19ffb4c3e9611ae', 'Trilha 440', '', '', 'custom', 'https://api.cvmnews.com.br/audios/track/69ff6d6ccdae9_1778347372.mp3', 0, 439, true, now(), now()),
  ('clf34797b375114d22aefea6', 'Trilha 441', '', '', 'custom', 'https://api.cvmnews.com.br/audios/track/69ff6d7c8612e_1778347388.mp3', 0, 440, true, now(), now()),
  ('cl11560fbb678643a08de9c9', 'Trilha 442', '', '', 'custom', 'https://api.cvmnews.com.br/audios/track/69ff6d7f9b60c_1778347391.mp3', 0, 441, true, now(), now()),
  ('cld0c3a1440baa47d6be1ea8', 'Trilha 443', '', '', 'custom', 'https://api.cvmnews.com.br/audios/track/69ff710e07d5f_1778348302.mp3', 0, 442, true, now(), now()),
  ('clcba30070dc484aee94e6b3', 'Trilha 444', '', '', 'custom', 'https://api.cvmnews.com.br/audios/track/69ff711618036_1778348310.mp3', 0, 443, true, now(), now()),
  ('cl987cd8e799114e839eba5d', 'Trilha 445', '', '', 'custom', 'https://api.cvmnews.com.br/audios/track/69ff711eace33_1778348318.mp3', 0, 444, true, now(), now()),
  ('cl8857a98ea451478db3870c', 'Trilha 446', '', '', 'custom', 'https://api.cvmnews.com.br/audios/track/69ff7126afb8c_1778348326.mp3', 0, 445, true, now(), now()),
  ('cl5a2704f6ff364055b8cc47', 'Trilha 447', '', '', 'custom', 'https://api.cvmnews.com.br/audios/track/69ff7143d28ac_1778348355.mp3', 0, 446, true, now(), now()),
  ('cl22fc19cf39c34189ba5cfe', 'Trilha 448', '', '', 'custom', 'https://api.cvmnews.com.br/audios/track/69ff7152e0e87_1778348370.mp3', 0, 447, true, now(), now()),
  ('cl75fde2395d344134ba2bbe', 'Trilha 449', '', '', 'custom', 'https://api.cvmnews.com.br/audios/track/69ff71602ad98_1778348384.mp3', 0, 448, true, now(), now()),
  ('cl8650ade1a0a145ea938cf9', 'Trilha 450', '', '', 'custom', 'https://api.cvmnews.com.br/audios/track/69ff7168e428d_1778348392.mp3', 0, 449, true, now(), now()),
  ('cldb614366e33f4db0bd22eb', 'Trilha 451', '', '', 'custom', 'https://api.cvmnews.com.br/audios/track/69ff717760f5d_1778348407.mp3', 0, 450, true, now(), now()),
  ('cl9c488c89096147bbb09f26', 'Trilha 452', '', '', 'custom', 'https://api.cvmnews.com.br/audios/track/69ff718559060_1778348421.mp3', 0, 451, true, now(), now()),
  ('cl9aa0eb17d2b14c5da43832', 'Trilha 453', '', '', 'custom', 'https://api.cvmnews.com.br/audios/track/69ff7193381da_1778348435.mp3', 0, 452, true, now(), now()),
  ('cl2dfd935645cc43e2ba7d7c', 'Trilha 454', '', '', 'custom', 'https://api.cvmnews.com.br/audios/track/69ff719ab8b2a_1778348442.mp3', 0, 453, true, now(), now()),
  ('cl7acc8ce4a05a4ee7be61e5', 'Trilha 455', '', '', 'custom', 'https://api.cvmnews.com.br/audios/track/69ff71a3159fc_1778348451.mp3', 0, 454, true, now(), now()),
  ('clff13d4b10517421cba5c77', 'Trilha 456', '', '', 'custom', 'https://api.cvmnews.com.br/audios/track/69ff71a79882a_1778348455.mp3', 0, 455, true, now(), now()),
  ('cld90cf372f6e7401797ef0a', 'Trilha 457', '', '', 'custom', 'https://api.cvmnews.com.br/audios/track/69ff71b006629_1778348464.mp3', 0, 456, true, now(), now()),
  ('cl48baf22f1f5d43a096bbda', 'Trilha 458', '', '', 'custom', 'https://api.cvmnews.com.br/audios/track/69ff88eb3f65e_1778354411.mp3', 0, 457, true, now(), now()),
  ('cl50739a92da3a4661958536', 'Trilha 459', '', '', 'custom', 'https://api.cvmnews.com.br/audios/track/69ff88f57f6a9_1778354421.mp3', 0, 458, true, now(), now()),
  ('cl1b231ef071144dd19384e4', 'Trilha 460', '', '', 'custom', 'https://api.cvmnews.com.br/audios/track/69ff88fdd613c_1778354429.mp3', 0, 459, true, now(), now()),
  ('clce93a35d1e0049a583bde6', 'Trilha 461', '', '', 'custom', 'https://api.cvmnews.com.br/audios/track/69ff8906e57aa_1778354438.mp3', 0, 460, true, now(), now()),
  ('clf91d1de9887e48da98b942', 'Trilha 462', '', '', 'custom', 'https://api.cvmnews.com.br/audios/track/69ff890e66d06_1778354446.mp3', 0, 461, true, now(), now()),
  ('cl9721978ba56a4d3fa661f4', 'Trilha 463', '', '', 'custom', 'https://api.cvmnews.com.br/audios/track/69ff891ace0bd_1778354458.mp3', 0, 462, true, now(), now()),
  ('cl5eed735598c643ae830e54', 'Trilha 464', '', '', 'custom', 'https://api.cvmnews.com.br/audios/track/69ff892719c38_1778354471.mp3', 0, 463, true, now(), now()),
  ('cl0f57059c787441778a5e31', 'Trilha 465', '', '', 'custom', 'https://api.cvmnews.com.br/audios/track/69ff8932e1b25_1778354482.mp3', 0, 464, true, now(), now()),
  ('cl1aed59740c984e01a33f65', 'Trilha 466', '', '', 'custom', 'https://api.cvmnews.com.br/audios/track/69ff8936620de_1778354486.mp3', 0, 465, true, now(), now()),
  ('cld4e62f8ef5fe4aeebaf91e', 'Trilha 467', '', '', 'custom', 'https://api.cvmnews.com.br/audios/track/69ff894486fc8_1778354500.mp3', 0, 466, true, now(), now()),
  ('clf146418b61cf4b16801f58', 'Trilha 468', '', '', 'custom', 'https://api.cvmnews.com.br/audios/track/69ff8997182d5_1778354583.mp3', 0, 467, true, now(), now()),
  ('clb8fa69711bc54cc8b79d0d', 'Trilha 469', '', '', 'custom', 'https://api.cvmnews.com.br/audios/track/69ff8999dec01_1778354585.mp3', 0, 468, true, now(), now()),
  ('cl7ce6ce5e62674c3288bab6', 'Trilha 470', '', '', 'custom', 'https://api.cvmnews.com.br/audios/track/69ff899d3f561_1778354589.mp3', 0, 469, true, now(), now()),
  ('clb5a963fef00f43028f9f79', 'Trilha 471', '', '', 'custom', 'https://api.cvmnews.com.br/audios/track/69ff89a04c63e_1778354592.mp3', 0, 470, true, now(), now()),
  ('cl730b589ba2404c6b889177', 'Trilha 472', '', '', 'custom', 'https://api.cvmnews.com.br/audios/track/69ff89a3992e3_1778354595.mp3', 0, 471, true, now(), now()),
  ('cl15a1ba7c63c34a9dab84a3', 'Trilha 473', '', '', 'custom', 'https://api.cvmnews.com.br/audios/track/69ff89b06bd1b_1778354608.mp3', 0, 472, true, now(), now()),
  ('cl3d10804289ab4ba5a916bd', 'Trilha 474', '', '', 'custom', 'https://api.cvmnews.com.br/audios/track/69ff89be0ac8d_1778354622.mp3', 0, 473, true, now(), now()),
  ('cl4b2c5ee6ecfe47fa857596', 'Trilha 475', '', '', 'custom', 'https://api.cvmnews.com.br/audios/track/69ff89c22022c_1778354626.mp3', 0, 474, true, now(), now()),
  ('clc03b8ba7f4e440eb95a8de', 'Trilha 476', '', '', 'custom', 'https://api.cvmnews.com.br/audios/track/69ff89ca94411_1778354634.mp3', 0, 475, true, now(), now()),
  ('cl9ca27403df964215920fd7', 'Trilha 477', '', '', 'custom', 'https://api.cvmnews.com.br/audios/track/69ff89ccf1c88_1778354636.mp3', 0, 476, true, now(), now()),
  ('cl21a72f50cc5f4b62ad5576', 'Trilha 478', '', '', 'custom', 'https://api.cvmnews.com.br/audios/track/69ff89cf899dd_1778354639.mp3', 0, 477, true, now(), now()),
  ('cl7e0a000af1764ef1af309d', 'Trilha 479', '', '', 'custom', 'https://api.cvmnews.com.br/audios/track/69ff89d272093_1778354642.mp3', 0, 478, true, now(), now()),
  ('cl27d218954e214bc585a866', 'Trilha 480', '', '', 'custom', 'https://api.cvmnews.com.br/audios/track/69ff89d594a01_1778354645.mp3', 0, 479, true, now(), now()),
  ('cla461749573924cfe8d392f', 'Trilha 481', '', '', 'custom', 'https://api.cvmnews.com.br/audios/track/69ff89d8cd45d_1778354648.mp3', 0, 480, true, now(), now()),
  ('cl22a918c3540d4f948f5e99', 'Trilha 482', '', '', 'custom', 'https://api.cvmnews.com.br/audios/track/69ff89e05a89e_1778354656.mp3', 0, 481, true, now(), now()),
  ('cl1c0771d718e74bb1878e1f', 'Trilha 483', '', '', 'custom', 'https://api.cvmnews.com.br/audios/track/69ff8a36b8f4e_1778354742.mp3', 0, 482, true, now(), now()),
  ('clbe219cef9beb4bd7817260', 'Trilha 484', '', '', 'custom', 'https://api.cvmnews.com.br/audios/track/69ff8a3b2dc03_1778354747.mp3', 0, 483, true, now(), now()),
  ('cl768bab8667244bb0b06d49', 'Trilha 485', '', '', 'custom', 'https://api.cvmnews.com.br/audios/track/69ff8a3eeb8dc_1778354750.mp3', 0, 484, true, now(), now()),
  ('cl979101b804f242e588c034', 'Trilha 486', '', '', 'custom', 'https://api.cvmnews.com.br/audios/track/69ff8a48a9b00_1778354760.mp3', 0, 485, true, now(), now()),
  ('cl2fedcc29813a4a2a951d60', 'Trilha 487', '', '', 'custom', 'https://api.cvmnews.com.br/audios/track/69ff8a4d1454a_1778354765.mp3', 0, 486, true, now(), now()),
  ('cl59ccc335908744dd88b56b', 'Trilha 488', '', '', 'custom', 'https://api.cvmnews.com.br/audios/track/69ff8a50f40bb_1778354768.mp3', 0, 487, true, now(), now()),
  ('cle4492d44f695409a87e8c9', 'Trilha 489', '', '', 'custom', 'https://api.cvmnews.com.br/audios/track/69ff8a58d28bc_1778354776.mp3', 0, 488, true, now(), now()),
  ('cl3818994e1a2747e5a176f4', 'Trilha 490', '', '', 'custom', 'https://api.cvmnews.com.br/audios/track/69ff8a62dedae_1778354786.mp3', 0, 489, true, now(), now()),
  ('cl3dc10668d64e4049a08d2e', 'Trilha 491', '', '', 'custom', 'https://api.cvmnews.com.br/audios/track/69ff8a6c5a18e_1778354796.mp3', 0, 490, true, now(), now()),
  ('cld290f7fa1ff046129e93bc', 'Trilha 492', '', '', 'custom', 'https://api.cvmnews.com.br/audios/track/69ff8a7482e8e_1778354804.mp3', 0, 491, true, now(), now()),
  ('cl41618b7c1c214e5097fde3', 'Trilha 493', '', '', 'custom', 'https://api.cvmnews.com.br/audios/track/69ff8a7d0e82b_1778354813.mp3', 0, 492, true, now(), now()),
  ('cld8486e7272fa488985d743', 'Trilha 494', '', '', 'custom', 'https://api.cvmnews.com.br/audios/track/69ff8aa1970d2_1778354849.mp3', 0, 493, true, now(), now()),
  ('cl77d8cc6b92364bc1bec31e', 'Trilha 495', '', '', 'custom', 'https://api.cvmnews.com.br/audios/track/69ff8aa98114e_1778354857.mp3', 0, 494, true, now(), now()),
  ('cl5025cfa59c7442a49556b9', 'Trilha 496', '', '', 'custom', 'https://api.cvmnews.com.br/audios/track/69ff8ab1908a7_1778354865.mp3', 0, 495, true, now(), now()),
  ('clded451288d3d447085f49e', 'Trilha 497', '', '', 'custom', 'https://api.cvmnews.com.br/audios/track/69ff8ac6b64cf_1778354886.mp3', 0, 496, true, now(), now()),
  ('cl03af4e229cfd48d7b0710a', 'Trilha 498', '', '', 'custom', 'https://api.cvmnews.com.br/audios/track/69ff8acedaf9c_1778354894.mp3', 0, 497, true, now(), now()),
  ('cl47f4177ea4864035aab800', 'Trilha 499', '', '', 'custom', 'https://api.cvmnews.com.br/audios/track/69ff8ad6bb24f_1778354902.mp3', 0, 498, true, now(), now()),
  ('cl4b0c12f25e414d149df3d4', 'Trilha 500', '', '', 'custom', 'https://api.cvmnews.com.br/audios/track/69ff8aded46ed_1778354910.mp3', 0, 499, true, now(), now()),
  ('cl92815b2c265247b99269c5', 'Trilha 501', '', '', 'custom', 'https://api.cvmnews.com.br/audios/track/69ff8aefef4bc_1778354927.mp3', 0, 500, true, now(), now()),
  ('clfc09fe4db4f44fbb95b6b2', 'Trilha 502', '', '', 'custom', 'https://api.cvmnews.com.br/audios/track/69ff8af40a8e8_1778354932.mp3', 0, 501, true, now(), now()),
  ('cl04c427474b0f469cbdcaf9', 'Trilha 503', '', '', 'custom', 'https://api.cvmnews.com.br/audios/track/69ff8afbce32e_1778354939.mp3', 0, 502, true, now(), now()),
  ('cl58c454291d3b499c889b3c', 'Trilha 504', '', '', 'custom', 'https://api.cvmnews.com.br/audios/track/69ff8b03ca39a_1778354947.mp3', 0, 503, true, now(), now()),
  ('clfda683e316a24643b9c772', 'Trilha 505', '', '', 'custom', 'https://api.cvmnews.com.br/audios/track/69ff8b086aab8_1778354952.mp3', 0, 504, true, now(), now()),
  ('clf9ea3cdf938546c5a4121e', 'Trilha 506', '', '', 'custom', 'https://api.cvmnews.com.br/audios/track/69ff8b0c25c08_1778354956.mp3', 0, 505, true, now(), now()),
  ('cl2cf92a6985ff434d840da7', 'Trilha 507', '', '', 'custom', 'https://api.cvmnews.com.br/audios/track/69ff8b1997258_1778354969.mp3', 0, 506, true, now(), now()),
  ('clbb90388f91cd4f46896890', 'Trilha 508', '', '', 'custom', 'https://api.cvmnews.com.br/audios/track/69ff8b28ab860_1778354984.mp3', 0, 507, true, now(), now()),
  ('cl205506c2eeca45c39009c2', 'Trilha 509', '', '', 'custom', 'https://api.cvmnews.com.br/audios/track/69ff8b367ef18_1778354998.mp3', 0, 508, true, now(), now()),
  ('cl38db31174d9547ad8370dc', 'Trilha 510', '', '', 'custom', 'https://api.cvmnews.com.br/audios/track/69ff8b3be129e_1778355003.mp3', 0, 509, true, now(), now()),
  ('cle827dbbb94f34a3bbbcb62', 'Trilha 511', '', '', 'custom', 'https://api.cvmnews.com.br/audios/track/69ff8b3f504e1_1778355007.mp3', 0, 510, true, now(), now()),
  ('clf5053a3c28d84925991332', 'Trilha 512', '', '', 'custom', 'https://api.cvmnews.com.br/audios/track/69ffbc4e01b4c_1778367566.mp3', 0, 511, true, now(), now()),
  ('clf6a2242e3c9e4c22bb485d', 'Trilha 513', '', '', 'custom', 'https://api.cvmnews.com.br/audios/track/6a1ae1b1188dc_1780146609.mp3', 0, 512, true, now(), now()),
  ('cl63519db2bf4d4edba195dc', 'Trilha 514', '', '', 'custom', 'https://api.cvmnews.com.br/audios/track/6a1ae1b283bdd_1780146610.mp3', 0, 513, true, now(), now()),
  ('cl33671cf30b8741b0900109', 'Trilha 515', '', '', 'custom', 'https://api.cvmnews.com.br/audios/track/6a1ae1b3db150_1780146611.mp3', 0, 514, true, now(), now()),
  ('cl4f68271f3fb74dd9b57dd4', 'Trilha 516', '', '', 'custom', 'https://api.cvmnews.com.br/audios/track/6a1ae1b54176f_1780146613.mp3', 0, 515, true, now(), now()),
  ('clfa4da2b65fcb4265a9c72b', 'Trilha 517', '', '', 'custom', 'https://api.cvmnews.com.br/audios/track/6a1ae1b67f8fe_1780146614.mp3', 0, 516, true, now(), now()),
  ('cla7dbc7e8f22f4bf29285af', 'Trilha 518', '', '', 'custom', 'https://api.cvmnews.com.br/audios/track/6a1ae1b83563e_1780146616.mp3', 0, 517, true, now(), now()),
  ('cl7f99e25e24a84a67973a24', 'Trilha 519', '', '', 'custom', 'https://api.cvmnews.com.br/audios/track/6a1ae1ba1d9d5_1780146618.mp3', 0, 518, true, now(), now()),
  ('clc5dedff8f8b646b589cc61', 'Trilha 520', '', '', 'custom', 'https://api.cvmnews.com.br/audios/track/6a1ae1c87b49e_1780146632.mp3', 0, 519, true, now(), now()),
  ('clfbff2e4574c049808c1602', 'Trilha 521', '', '', 'custom', 'https://api.cvmnews.com.br/audios/track/6a1ae1d84386e_1780146648.mp3', 0, 520, true, now(), now()),
  ('clc6f2597e14514a9b981f42', 'Trilha 522', '', '', 'custom', 'https://api.cvmnews.com.br/audios/track/6a1ae1e67fb83_1780146662.mp3', 0, 521, true, now(), now()),
  ('cld7c5419c914e41b8afd1bc', 'Trilha 523', '', '', 'custom', 'https://api.cvmnews.com.br/audios/track/6a1ae1e810cb7_1780146664.mp3', 0, 522, true, now(), now()),
  ('clb196b1af625d4cfe81b099', 'Trilha 524', '', '', 'custom', 'https://api.cvmnews.com.br/audios/track/6a1ae1f610568_1780146678.mp3', 0, 523, true, now(), now()),
  ('cld68c547ce794469c910000', 'Trilha 525', '', '', 'custom', 'https://api.cvmnews.com.br/audios/track/6a1ae1f7c2401_1780146679.mp3', 0, 524, true, now(), now()),
  ('cl814153aba0814a45b967ab', 'Trilha 526', '', '', 'custom', 'https://api.cvmnews.com.br/audios/track/6a1ae1f9c232c_1780146681.mp3', 0, 525, true, now(), now()),
  ('clc53e3ae9c6bd415aa5afb4', 'Trilha 527', '', '', 'custom', 'https://api.cvmnews.com.br/audios/track/6a1ae1fbc1123_1780146683.mp3', 0, 526, true, now(), now()),
  ('cl0639031693454fc7aa13e7', 'Trilha 528', '', '', 'custom', 'https://api.cvmnews.com.br/audios/track/6a1ae2076a6ed_1780146695.mp3', 0, 527, true, now(), now()),
  ('cld32705e7d476463d94db9e', 'Trilha 529', '', '', 'custom', 'https://api.cvmnews.com.br/audios/track/6a1ae212cb665_1780146706.mp3', 0, 528, true, now(), now()),
  ('cl756dcb0e39b3437e940f12', 'Trilha 530', '', '', 'custom', 'https://api.cvmnews.com.br/audios/track/6a1ae214c19ee_1780146708.mp3', 0, 529, true, now(), now()),
  ('clc8e0c68cda184a3eb9a940', 'Trilha 531', '', '', 'custom', 'https://api.cvmnews.com.br/audios/track/6a1ae216ee2f5_1780146710.mp3', 0, 530, true, now(), now()),
  ('cl8b4f75a7a89f4a65ae4067', 'Trilha 532', '', '', 'custom', 'https://api.cvmnews.com.br/audios/track/6a1ae2236089d_1780146723.mp3', 0, 531, true, now(), now()),
  ('cl51007212b8f64ff897e6a7', 'Trilha 533', '', '', 'custom', 'https://api.cvmnews.com.br/audios/track/6a1ae224e0f9a_1780146724.mp3', 0, 532, true, now(), now()),
  ('cl70dd758a9a534ffd900396', 'Trilha 534', '', '', 'custom', 'https://api.cvmnews.com.br/audios/track/6a1ae226e907c_1780146726.mp3', 0, 533, true, now(), now()),
  ('cl623feaf7c9f5401f807e98', 'Trilha 535', '', '', 'custom', 'https://api.cvmnews.com.br/audios/track/6a1ae22928cc9_1780146729.mp3', 0, 534, true, now(), now()),
  ('cl8d986034dd674dde87f1ad', 'Trilha 536', '', '', 'custom', 'https://api.cvmnews.com.br/audios/track/6a1ae22ad1eab_1780146730.mp3', 0, 535, true, now(), now()),
  ('cl493805dc85fe4e178d38ee', 'Trilha 537', '', '', 'custom', 'https://api.cvmnews.com.br/audios/track/6a1ae22d18ee8_1780146733.mp3', 0, 536, true, now(), now()),
  ('cl741f58be2a9c409eb01cc2', 'Trilha 538', '', '', 'custom', 'https://api.cvmnews.com.br/audios/track/6a1ae22ef3b04_1780146734.mp3', 0, 537, true, now(), now()),
  ('clb5e9cca08fab49539f42c6', 'Trilha 539', '', '', 'custom', 'https://api.cvmnews.com.br/audios/track/6a1ae23a3d202_1780146746.mp3', 0, 538, true, now(), now()),
  ('clbaa764c5926e4eb788ceb9', 'Trilha 540', '', '', 'custom', 'https://api.cvmnews.com.br/audios/track/6a1ae23d2772e_1780146749.mp3', 0, 539, true, now(), now()),
  ('cl5b45988aec5943a39df6d6', 'Trilha 541', '', '', 'custom', 'https://api.cvmnews.com.br/audios/track/6a1ae2425b0a0_1780146754.mp3', 0, 540, true, now(), now()),
  ('cl5b92475f1ddf4d439b886d', 'Trilha 542', '', '', 'custom', 'https://api.cvmnews.com.br/audios/track/6a1ae2473d2c1_1780146759.mp3', 0, 541, true, now(), now()),
  ('clf41ebfcf4ae5417d92e199', 'Trilha 543', '', '', 'custom', 'https://api.cvmnews.com.br/audios/track/6a1ae24c2f438_1780146764.mp3', 0, 542, true, now(), now()),
  ('cl4bd210d3fe4744a296388c', 'Trilha 544', '', '', 'custom', 'https://api.cvmnews.com.br/audios/track/6a1ae250edda9_1780146768.mp3', 0, 543, true, now(), now()),
  ('cl5138591f746048e788c64d', 'Trilha 545', '', '', 'custom', 'https://api.cvmnews.com.br/audios/track/6a1ae25227ae0_1780146770.mp3', 0, 544, true, now(), now()),
  ('cl9cfdf09323cd41769c35ce', 'Trilha 546', '', '', 'custom', 'https://api.cvmnews.com.br/audios/track/6a1ae2534c509_1780146771.mp3', 0, 545, true, now(), now()),
  ('clafcf9d1b59354d6eaf9a94', 'Trilha 547', '', '', 'custom', 'https://api.cvmnews.com.br/audios/track/6a1ae25473a95_1780146772.mp3', 0, 546, true, now(), now()),
  ('cl69fe9863d4cb49fa86d6e4', 'Trilha 548', '', '', 'custom', 'https://api.cvmnews.com.br/audios/track/6a1ae26029002_1780146784.mp3', 0, 547, true, now(), now()),
  ('cld3df17eb121449cda44fdb', 'Trilha 549', '', '', 'custom', 'https://api.cvmnews.com.br/audios/track/6a1ae261e1a61_1780146785.mp3', 0, 548, true, now(), now()),
  ('cl76765fc9f8ae435aa8e41e', 'Trilha 550', '', '', 'custom', 'https://api.cvmnews.com.br/audios/track/6a1ae2640912b_1780146788.mp3', 0, 549, true, now(), now()),
  ('cl5e269e05b2274c0f875e15', 'Trilha 551', '', '', 'custom', 'https://api.cvmnews.com.br/audios/track/6a1ae265cc7cd_1780146789.mp3', 0, 550, true, now(), now()),
  ('cla02060a968ce45a0ada8ee', 'Trilha 552', '', '', 'custom', 'https://api.cvmnews.com.br/audios/track/6a1ae267d26f0_1780146791.mp3', 0, 551, true, now(), now()),
  ('cl34daf13c37e94e73b8717f', 'Trilha 553', '', '', 'custom', 'https://api.cvmnews.com.br/audios/track/6a1d057b57327_1780286843.mp3', 0, 552, true, now(), now()),
  ('cl6c7203ff20634813b202b2', 'Trilha 554', '', '', 'custom', 'https://api.cvmnews.com.br/audios/track/6a1d057c89a73_1780286844.mp3', 0, 553, true, now(), now()),
  ('clf05cb00e86564ee7abd680', 'Trilha 555', '', '', 'custom', 'https://api.cvmnews.com.br/audios/track/6a1d057dc9009_1780286845.mp3', 0, 554, true, now(), now()),
  ('clf4cff48ab07744649a10af', 'Trilha 556', '', '', 'custom', 'https://api.cvmnews.com.br/audios/track/6a1d057eef1c4_1780286846.mp3', 0, 555, true, now(), now()),
  ('cl96c0101e43bb47ce9d3cdc', 'Trilha 557', '', '', 'custom', 'https://api.cvmnews.com.br/audios/track/6a1d0580379d5_1780286848.mp3', 0, 556, true, now(), now()),
  ('cl75e550d483b843f9b7f7eb', 'Trilha 558', '', '', 'custom', 'https://api.cvmnews.com.br/audios/track/6a1d058178b41_1780286849.mp3', 0, 557, true, now(), now()),
  ('clcee92ff84d0b47878d1c55', 'Trilha 559', '', '', 'custom', 'https://api.cvmnews.com.br/audios/track/6a1d0582b8f31_1780286850.mp3', 0, 558, true, now(), now()),
  ('cl9eb3333b1035429c9ab5e4', 'Trilha 560', '', '', 'custom', 'https://api.cvmnews.com.br/audios/track/6a1d0583f25df_1780286851.mp3', 0, 559, true, now(), now()),
  ('cl9e838543149c4ed8983bcf', 'Trilha 561', '', '', 'custom', 'https://api.cvmnews.com.br/audios/track/6a1d0585389da_1780286853.mp3', 0, 560, true, now(), now()),
  ('cl4649c06a04d44102bc00b9', 'Trilha 562', '', '', 'custom', 'https://api.cvmnews.com.br/audios/track/6a1d0586649ee_1780286854.mp3', 0, 561, true, now(), now()),
  ('clc7f3217f147f483f9468bc', 'Trilha 563', '', '', 'custom', 'https://api.cvmnews.com.br/audios/track/6a1d05879deeb_1780286855.mp3', 0, 562, true, now(), now()),
  ('cl13818ccf5fa34f399a5361', 'Trilha 564', '', '', 'custom', 'https://api.cvmnews.com.br/audios/track/6a1d0588dc165_1780286856.mp3', 0, 563, true, now(), now()),
  ('cl0429c876135641329a8ad3', 'Trilha 565', '', '', 'custom', 'https://api.cvmnews.com.br/audios/track/6a1d058a23cdd_1780286858.mp3', 0, 564, true, now(), now()),
  ('cl6722441b985d4caaa914e1', 'Trilha 566', '', '', 'custom', 'https://api.cvmnews.com.br/audios/track/6a1d058b4f0e8_1780286859.mp3', 0, 565, true, now(), now()),
  ('cl14bbe52d33384304a82840', 'Trilha 567', '', '', 'custom', 'https://api.cvmnews.com.br/audios/track/6a1d058c89f11_1780286860.mp3', 0, 566, true, now(), now()),
  ('cla3b505f588a542ee91d2cc', 'Trilha 568', '', '', 'custom', 'https://api.cvmnews.com.br/audios/track/6a1d058dc9a18_1780286861.mp3', 0, 567, true, now(), now()),
  ('cl39927e4a198547d3a61657', 'Trilha 569', '', '', 'custom', 'https://api.cvmnews.com.br/audios/track/6a1d058f0f2c6_1780286863.mp3', 0, 568, true, now(), now()),
  ('cl95758648893d4396be2295', 'Trilha 570', '', '', 'custom', 'https://api.cvmnews.com.br/audios/track/6a1d059034c9b_1780286864.mp3', 0, 569, true, now(), now()),
  ('cl4efc8bc83b874561ac6370', 'Trilha 571', '', '', 'custom', 'https://api.cvmnews.com.br/audios/track/6a1d05916cfab_1780286865.mp3', 0, 570, true, now(), now()),
  ('clddb66db7918c4732973792', 'Trilha 572', '', '', 'custom', 'https://api.cvmnews.com.br/audios/track/6a1d0592b1e66_1780286866.mp3', 0, 571, true, now(), now()),
  ('cl531f6e7c9128462e93d753', 'Trilha 573', '', '', 'custom', 'https://api.cvmnews.com.br/audios/track/6a1d0593efe2e_1780286867.mp3', 0, 572, true, now(), now()),
  ('cld5da8660660c4b8a884337', 'Trilha 574', '', '', 'custom', 'https://api.cvmnews.com.br/audios/track/6a1d05952470f_1780286869.mp3', 0, 573, true, now(), now()),
  ('cld7a00c0cb3a64ae69b339d', 'Trilha 575', '', '', 'custom', 'https://api.cvmnews.com.br/audios/track/6a1d05966351e_1780286870.mp3', 0, 574, true, now(), now()),
  ('clb851e0ab4bf64d62b14e58', 'Trilha 576', '', '', 'custom', 'https://api.cvmnews.com.br/audios/track/6a1d0597a0471_1780286871.mp3', 0, 575, true, now(), now()),
  ('cl3906287c2c6c4d85b123fe', 'Trilha 577', '', '', 'custom', 'https://api.cvmnews.com.br/audios/track/6a1d0598e2783_1780286872.mp3', 0, 576, true, now(), now()),
  ('cl10cf3fb41f224e088a4f79', 'Trilha 578', '', '', 'custom', 'https://api.cvmnews.com.br/audios/track/6a1d059a16517_1780286874.mp3', 0, 577, true, now(), now()),
  ('cl0d89889fbff443379b4cba', 'Trilha 579', '', '', 'custom', 'https://api.cvmnews.com.br/audios/track/6a1d059b52f30_1780286875.mp3', 0, 578, true, now(), now()),
  ('clc30f61e2ad644f2b81da49', 'Trilha 580', '', '', 'custom', 'https://api.cvmnews.com.br/audios/track/6a1d059c8faa1_1780286876.mp3', 0, 579, true, now(), now()),
  ('cl0323e70f381643aca974ff', 'Trilha 581', '', '', 'custom', 'https://api.cvmnews.com.br/audios/track/6a1d059dcef65_1780286877.mp3', 0, 580, true, now(), now()),
  ('clb86bad3961924fe481e398', 'Trilha 582', '', '', 'custom', 'https://api.cvmnews.com.br/audios/track/6a1d059f06f6d_1780286879.mp3', 0, 581, true, now(), now()),
  ('cle97281322ec4412ba104bb', 'Trilha 583', '', '', 'custom', 'https://api.cvmnews.com.br/audios/track/6a1d05a0434b8_1780286880.mp3', 0, 582, true, now(), now()),
  ('cle7bcdf010a2342ae9da008', 'Trilha 584', '', '', 'custom', 'https://api.cvmnews.com.br/audios/track/6a1d05a18069e_1780286881.mp3', 0, 583, true, now(), now()),
  ('cl0580c48087f54918bc7015', 'Trilha 585', '', '', 'custom', 'https://api.cvmnews.com.br/audios/track/6a1d05a2be369_1780286882.mp3', 0, 584, true, now(), now()),
  ('cl35bd339a4e3247f39cdbdc', 'Trilha 586', '', '', 'custom', 'https://api.cvmnews.com.br/audios/track/6a1d05a477251_1780286884.mp3', 0, 585, true, now(), now()),
  ('cl363675efbafd4c4083bdbc', 'Trilha 587', '', '', 'custom', 'https://api.cvmnews.com.br/audios/track/6a1d05a69b4b3_1780286886.mp3', 0, 586, true, now(), now()),
  ('cl88052498c4654a0b9fed6b', 'Trilha 588', '', '', 'custom', 'https://api.cvmnews.com.br/audios/track/6a1d05a893e0a_1780286888.mp3', 0, 587, true, now(), now()),
  ('cl34343f0dffc04e1a92c3f0', 'Trilha 589', '', '', 'custom', 'https://api.cvmnews.com.br/audios/track/6a1d05aaa526d_1780286890.mp3', 0, 588, true, now(), now()),
  ('cl44b25a147df04b0e9539d1', 'Trilha 590', '', '', 'custom', 'https://api.cvmnews.com.br/audios/track/6a1d05ac7a121_1780286892.mp3', 0, 589, true, now(), now()),
  ('cl7b21c295b50c413fb30594', 'Trilha 591', '', '', 'custom', 'https://api.cvmnews.com.br/audios/track/6a1d05aea3db9_1780286894.mp3', 0, 590, true, now(), now()),
  ('cl5e868cf9e93441f29d83d4', 'Trilha 592', '', '', 'custom', 'https://api.cvmnews.com.br/audios/track/6a1d05b07f2be_1780286896.mp3', 0, 591, true, now(), now()),
  ('cled9771c6c6384afda63dd0', 'Trilha 593', '', '', 'custom', 'https://api.cvmnews.com.br/audios/track/6a1d05b29611a_1780286898.mp3', 0, 592, true, now(), now()),
  ('cl71a48f2b6e124826945f7d', 'Trilha 594', '', '', 'custom', 'https://api.cvmnews.com.br/audios/track/6a1d05b47661d_1780286900.mp3', 0, 593, true, now(), now()),
  ('cl6e808e4f57cb48678ff50d', 'Trilha 595', '', '', 'custom', 'https://api.cvmnews.com.br/audios/track/6a1d05b6a8cb5_1780286902.mp3', 0, 594, true, now(), now()),
  ('clddb88bd0db774776b6f002', 'Trilha 596', '', '', 'custom', 'https://api.cvmnews.com.br/audios/track/6a1d05b87cd6b_1780286904.mp3', 0, 595, true, now(), now()),
  ('cl34ac8aa2e54a42119cf319', 'Trilha 597', '', '', 'custom', 'https://api.cvmnews.com.br/audios/track/6a1d05baa18ef_1780286906.mp3', 0, 596, true, now(), now()),
  ('clcbc09736ddcf414db760c7', 'Trilha 598', '', '', 'custom', 'https://api.cvmnews.com.br/audios/track/6a1d05bc7cd5f_1780286908.mp3', 0, 597, true, now(), now()),
  ('cl4e4664c5b5a54fee867283', 'Trilha 599', '', '', 'custom', 'https://api.cvmnews.com.br/audios/track/6a1d05bea3de6_1780286910.mp3', 0, 598, true, now(), now()),
  ('cl669dfe51d68d48c989b538', 'Trilha 600', '', '', 'custom', 'https://api.cvmnews.com.br/audios/track/6a1d05c078f29_1780286912.mp3', 0, 599, true, now(), now()),
  ('cle3567029193844d99d043e', 'Trilha 601', '', '', 'custom', 'https://api.cvmnews.com.br/audios/track/6a1d05c29f4fd_1780286914.mp3', 0, 600, true, now(), now()),
  ('cl0c512176970940fa8a219e', 'Trilha 602', '', '', 'custom', 'https://api.cvmnews.com.br/audios/track/6a1d05c47a580_1780286916.mp3', 0, 601, true, now(), now()),
  ('clc55da7a60a1447da99a784', 'Trilha 603', '', '', 'custom', 'https://api.cvmnews.com.br/audios/track/6a1d05c6a04d7_1780286918.mp3', 0, 602, true, now(), now()),
  ('cleca60a45aebf4af0b21f13', 'Trilha 604', '', '', 'custom', 'https://api.cvmnews.com.br/audios/track/6a1d05c878409_1780286920.mp3', 0, 603, true, now(), now()),
  ('cl41289fd154ee47aa83b410', 'Trilha 605', '', '', 'custom', 'https://api.cvmnews.com.br/audios/track/6a1d05ca8b639_1780286922.mp3', 0, 604, true, now(), now()),
  ('cl34da2d787c2546409b50e2', 'Trilha 606', '', '', 'custom', 'https://api.cvmnews.com.br/audios/track/6a1d05cc7a680_1780286924.mp3', 0, 605, true, now(), now()),
  ('cl0d8fa96157e340869e8123', 'Trilha 607', '', '', 'custom', 'https://api.cvmnews.com.br/audios/track/6a1d05ce99945_1780286926.mp3', 0, 606, true, now(), now()),
  ('cl3f8894469d744cae999146', 'Trilha 608', '', '', 'custom', 'https://api.cvmnews.com.br/audios/track/6a1d05d079bdd_1780286928.mp3', 0, 607, true, now(), now()),
  ('cl8e25a72cc8cb4948b74edf', 'Trilha 609', '', '', 'custom', 'https://api.cvmnews.com.br/audios/track/6a1d05d29790f_1780286930.mp3', 0, 608, true, now(), now()),
  ('clbd4acc5c28c64769873de5', 'Trilha 610', '', '', 'custom', 'https://api.cvmnews.com.br/audios/track/6a1d05d486077_1780286932.mp3', 0, 609, true, now(), now()),
  ('cl8fe242b9f2cf416f8a4fc1', 'Trilha 611', '', '', 'custom', 'https://api.cvmnews.com.br/audios/track/6a1d05d69780c_1780286934.mp3', 0, 610, true, now(), now()),
  ('cl808c05f15b7e4aa3901e30', 'Trilha 612', '', '', 'custom', 'https://api.cvmnews.com.br/audios/track/6a1d05d874faf_1780286936.mp3', 0, 611, true, now(), now()),
  ('cl487f87b10fd64d3ea34393', 'Trilha 613', '', '', 'custom', 'https://api.cvmnews.com.br/audios/track/6a1d0ca3acd9f_1780288675.mp3', 0, 612, true, now(), now()),
  ('cl5b0670e6cc8a4a8c8e36de', 'Trilha 614', '', '', 'custom', 'https://api.cvmnews.com.br/audios/track/6a1d0ca86fb17_1780288680.mp3', 0, 613, true, now(), now()),
  ('cle3a1bb59592d44ffaf4a5e', 'Trilha 615', '', '', 'custom', 'https://api.cvmnews.com.br/audios/track/6a1d0cad4f00f_1780288685.mp3', 0, 614, true, now(), now()),
  ('cl51144621fd724a03847b0f', 'Trilha 616', '', '', 'custom', 'https://api.cvmnews.com.br/audios/track/6a1d0cb8d3b8c_1780288696.mp3', 0, 615, true, now(), now()),
  ('clba98d735bd7f4bbeadcb2b', 'Trilha 617', '', '', 'custom', 'https://api.cvmnews.com.br/audios/track/6a1d0cc48aee8_1780288708.mp3', 0, 616, true, now(), now()),
  ('clad102b0c63cd48ef9456b0', 'Trilha 618', '', '', 'custom', 'https://api.cvmnews.com.br/audios/track/6a1d0cd01ffd9_1780288720.mp3', 0, 617, true, now(), now()),
  ('clbe4dcb09d76042f0a6c23f', 'Trilha 619', '', '', 'custom', 'https://api.cvmnews.com.br/audios/track/6a1d0cdc84d96_1780288732.mp3', 0, 618, true, now(), now()),
  ('cleb88e73bb6f44aa581c30c', 'Trilha 620', '', '', 'custom', 'https://api.cvmnews.com.br/audios/track/6a1d0ce871981_1780288744.mp3', 0, 619, true, now(), now()),
  ('cl8bd3f5c61bd145a3b65cf6', 'Trilha 621', '', '', 'custom', 'https://api.cvmnews.com.br/audios/track/6a1d0cf62f976_1780288758.mp3', 0, 620, true, now(), now()),
  ('cld5caeeaa8dec413683d2cf', 'Trilha 622', '', '', 'custom', 'https://api.cvmnews.com.br/audios/track/6a1d0d035c2da_1780288771.mp3', 0, 621, true, now(), now()),
  ('cl59f4c92887a542c0b86a93', 'Trilha 623', '', '', 'custom', 'https://api.cvmnews.com.br/audios/track/6a1d0d114c2fc_1780288785.mp3', 0, 622, true, now(), now()),
  ('cld416c325c1634c4ba41e77', 'Trilha 624', '', '', 'custom', 'https://api.cvmnews.com.br/audios/track/6a1d0d1ecd20a_1780288798.mp3', 0, 623, true, now(), now()),
  ('cle6b931697e3f43d1ac6e4c', 'Trilha 625', '', '', 'custom', 'https://api.cvmnews.com.br/audios/track/6a1d0d23b401d_1780288803.mp3', 0, 624, true, now(), now());